﻿player_id,player_name,age
18907,Joselu,32
31354,G. Vicario,26
2938,J. Ward-Prowse,28
25004,S. Ortega Moreno,30
19619,J. Swift,27
10497,Lincoln Henrique Oliveira dos Santos,24
19523,M. Roberts,32
6492,J. Ledesma,29
30562,João Pedro Geraldino dos Santos Galvão,30
47445,Iago Aspas,35
2998,Ł. Skorupski,31
47516,Aleix García Serrano,25
202,A. Candreva,35
20219,Jonson Scott Clarke-Harris,28
53742,Gamid Agalarov,22
47392,Pedro León Sánchez Gil,36
18067,M. Ekpiteta,26
19066,G. Hanley,31
21443,T. Savanier,31
19974,I. Toney,26
44937,L. Kelly,26
31037,I. Provedel,28
41320,André Filipe Magalhães Ribeiro Ferreira,26
53633,Eric Cosmin Bicfalvi,34
47246,L. Chichizola,32
63427,Luiz Felipe da Silva Nunes,25
47291,Gorka Guruzeta,26
26395,P. Drewes,29
9072,M. Marić,27
31735,T. Haye,27
47044,C. Álvarez,37
2672,Muniain,30
36854,E. Vaessen,27
20652,J. Vachoux,28
32196,Mattia Aramu,27
46887,Pedro Díaz,24
1827,B. Hrgota,29
19941,B. Whiteman,26
44905,Callum David Hendry,25
44894,Joseph Thomas Gordan Shaughnessy,30
24180,R. Padovani,33
25464,M. Ducksch,28
10476,Paulo Victor de Mileo Vidotti,35
2932,J. Pickford,28
1800,K. Trapp,32
122428,Kings Kangwa,23
12667,Jonathan Viera,33
2057,Franco Damián Vázquez,33
223,Y. van Osch,25
8624,F. Tardieu,30
36929,G. Hamer,25
47297,Andoni Zubiaurre Dorronsoro,26
41303,Fábio Samuel Amorim Silva,26
40495,Michał Sławomir Helik,27
31090,Federico Viviani,30
53488,Artur Nigmatullin,31
37460,L. Brouwers,24
2710,S. Boufal,29
45172,Alan Forrest,26
47296,G. Rulli,30
20016,Bradley Collins,25
30953,Matteo Di Gennaro,28
20706,G. Gallon,29
43408,Nikolay Kalinskiy,29
130256,André Filipe Russo Franco,24
44814,Lewis Ferguson,23
52,Sergio Camello,21
18959,Robert Sánchez,25
20424,Jackson Joseph Fitzwater,25
162453,L. Chevalier,21
105474,Visar Musliu,28
31692,M. Đurić,32
22173,A. Saint-Maximin,25
37246,J. Blaswich,31
24811,A. Modeste,34
47467,Morales,35
46934,Dani Jiménez,32
21995,N. Lemaître,25
43729,Ilya Lantratov,27
36968,Warner Lloyd Hahn,30
884,Sergio Germán Romero,35
19191,J.  McGinn,28
17632,I. Chair,25
2728,K. Schmeichel,36
43472,Ivan Lomaev,23
47085,Luis Milla,28
143648,M. Okoye,23
18909,Adam Richard Legzdiņš,36
1470,Luís Maximiano,23
17736,Daniel Lønne Iversen,25
80667,Samuel Portugal Lima,28
37749,J. Veerman,24
24893,K. Müller,31
17419,L. Nicholls,30
47500,D. Verde,26
608,L. Boyé,26
25519,M. Kolke,32
19208,S. Malone,31
21640,J. Deminguet,24
26560,Kevin  Broll,27
47247,David Soria,29
46698,José Antonio Caro Díaz,28
37189,M. Kramer,34
22005,X. Chavalerin,31
127579,J. Greaves,22
25177,T. Knipping,30
47499,E. Ünal,25
15705,E. Riis,24
181734,Pep Chavarría,24
94732,José Jurado,30
19883,M. Stryjek,26
19105,O. Norwood,31
36927,Z. Flemming,24
3335,B. Kouyaté,25
24904,N. Dorsch,24
2090,Daniil Utkin,23
41748,Jean Emile Junior Onana Onana,22
30537,D. Berardi,28
20879,J. Cuffaut,34
19061,T. Krul,34
36937,V. van Crooij,26
21437,Dénis Athanase Bouanga,28
30460,G. Caprari,29
24837,R. Gikiewicz,35
30407,C. Nørgaard,28
80,E. Dennis,25
2680,A. Abedzadeh,29
18144,C. Maxwell,32
22264,L. Ajorque,28
2814,P. Rajković,27
20784,F. Honorat,26
19587,R. Manning,26
22085,M. Debuchy,37
9760,Carlos Vinícius Santos de Jesus,28
24147,Mahdi Camara,24
19010,D. Ward,32
25613,S. Kerk,28
44885,Z. Clark,30
97699,Yuri Zhuravlev,26
30438,Nicolò Cambiaghi,22
20388,Ryan Christopher Edwards,29
17770,G. Cox,24
2997,Ł. Fabiański,37
18809,Deulofeu,28
53528,Danil Glebov,23
19328,M. Grimes,27
20776,J. Gastien,34
44891,Liam Craig Gordon,26
2279,E. Ampadu,22
20305,Oliver Lewis Norburn,30
53705,Aleksey Nikitin,30
84259,E. Ntim,26
19280,J. Paterson,31
36936,Lennart Thy,30
179,M. Sissoko,33
47414,Gumbau,28
47012,Rubén Castro,41
67972,C. Gallagher,22
48034,Per Kristian Worre Bråtveit,26
46740,Stoichkov,29
32172,N. Contini,26
18746,M. Gibbs-White,22
84082,R. Faivre,24
22093,R. Cabella,32
47327,Diego López,41
30792,Nícolas David Andrade,34
31271,Antonio Palumbo,26
26107,M. Wanitzek,29
30441,E. Audero,25
136117,Rodrigo Riquelme,22
19341,D. Bentley,29
47527,S. Dimitrievski,29
17767,D. Cornell,31
37254,R. Pröpper,29
24760,G. Mamardashvili,22
15575,Óscar Whalley,28
86,Ikoma Loïs Openda,22
20919,A. Bassi,25
24798,C. Führich,24
46870,Diego Mariño,32
30519,S. Turati,21
25408,M. Arnold,28
36776,T. Wellenreuther,27
19611,L. Baker,27
19081,T. Trybull,29
1106,Craig Sinclair Gordon,40
615,D. Grimshaw,24
21391,Q. Cornette,28
47480,M. Salisu,23
83824,Mickaël Christophe Biron,25
26315,N. González,24
47404,V. Kravets,25
20715,A. Monfray,32
24012,L. M&apos;Pasi,28
37359,M. Branderhorst,29
204043,Arthur Nicolas Theate,22
69971,T. Moffi,23
121,S. Jovetić,33
45220,Blair Spittal,27
44836,Ryan Porteous,23
30794,S. Perisan,25
30546,A. Cragno,28
18886,M. Dúbravka,33
47255,Vitorino Gabriel  Pacheco Antunes,35
48577,N. Bajrami,23
6409,N. Estévez,27
47505,Bernardo José Espinosa Zúñiga,33
93064,M. de Wit,24
31474,E. Kastrati,25
1775,S. Gigot,29
2206,Benjamin Bourigeaud,28
70335,D. Levitt,22
25067,Danilo Soares,31
19152,C. Townsend,29
2288,Daniel Noel Drinkwater,32
18830,M. Arnautović,33
64182,Denílson Pereira Júnior,27
26287,P. Hofmann,29
19218,Tom Morris Lawrence,28
2215,A. Laurienté,24
278619,Luiz Lúcio Reis Júnior,21
37370,B. van Rooij,21
162236,F. Mendy,21
25036,M. Franke,29
46658,Rubén García,29
17668,C. O&apos;Hare,24
19572,M. Ingram,29
18929,D. McNeil,23
197779,M. Kaba,21
26254,C. Daferner,24
44895,Scott Tanser,28
108561,David Goldar,28
25039,I. Höhn,31
194837,T. Suslov,20
15327,Leandro Miguel Pereira da Silva,28
6236,Adrián Andrés Cubas,26
426,M. Uth,31
36793,D. Saddiki,26
138836,H. Clarke,21
21097,Andrei Girotto,30
8793,Thomas Henry,28
30618,Gianluca Di Chiara,29
41114,Pedro José  da Silva Trigueira,34
41591,Daniel da Silva dos Anjos,26
19467,D. Lenihan,28
1271,A. Tchouaméni,22
25635,J. Hofmann,30
409,N. Bentaleb,28
2440,N. Ferraresi,24
41188,André Oliveira Silva,25
20576,Y. Salmier,30
2735,P. Højbjerg,27
20546,B. Chardonnet,28
129711,B. Johnson,21
47269,Álex Remiro,27
48105,Ravel Ryan Morrison,29
25270,L. Fröde,27
14283,T. Halilović,27
21653,M. Tchokounté,34
19807,Mamadou Khady Thiam,27
15972,A. Albers,32
1261,Sergi Palencia Hurtado,26
31339,L. Palmiero,26
23121,Q. Daubin,27
31094,A. Pinamonti,23
31122,G. Lunetta,26
20736,B. Maubleu,33
182547,J. Blasco,23
31595,Stefano Giacomelli,32
162889,Ricard Sánchez,22
2704,Y. Abdelhamid,35
19499,J. Tymon,23
22244,A. Caci,25
2937,D. Rice,23
22102,W. Khazri,31
19501,Charles Graham Adam,37
19806,Callum John Styles,22
823,I. Pomazun,26
37260,Bart van Hintum,35
21142,M. Pavlović,32
56449,G. Caso,24
47357,Laguardia,33
22944,G. Weissbeck,25
41906,Thales Bento Oleques,28
47156,O. Lebedenko,24
44812,G. Shinnie,31
24288,M. Bayo,24
18747,R. Giles,22
19808,C. Woodrow,28
21150,V. Pajot,32
134756,N. Kasanwirjo,20
47352,Pacheco,30
36932,Younes Namli,28
19975,Joe Ward,27
18784,J. Maddison,26
19083,Carlton Morris,27
19003,J. Ralls,29
525,K. Lamprou,31
41609,João Othávio Basso,25
31751,Giorgio Altare,24
56558,S. Esposito,22
47312,Rubén Pardo,30
178927,Markel Lozano Llona,26
30483,R. Soriano,31
21446,A. Bobichon,27
128987,S. Samed,22
282409,Aldo Florenzi,20
30446,A. Ferrari,28
417,Alessandro André Schöpf,28
47080,Jorge Sáenz,26
96324,Mohamed Bouldini,27
62338,Abel Issa Camará,32
22170,P. Lees Melou,29
21450,B. Guillaume,27
19070,M. Aarons,22
25617,T. Tillman,23
19077,K. McLean,30
269,C. Nkunku,25
21506,Alexandre Mendy,28
2068,Matvey Safonov,23
26171,P. Tietz,25
24826,S. Michel,32
56459,W. Falcone,27
177665,A. Stach,24
20674,S. Banza,26
5923,Zander Mateo Cassierra Cabezas,25
47448,Aitor Fernández,31
19199,Kelle Roos,30
30603,Dany Mota,24
20258,R. Allsop,30
1100,E. Haaland,22
31553,C. Falletti,30
24881,M. Köhlert,24
2059,W. Ben Yedder,32
25158,D. Raum,24
22343,N. Ouammou,29
18599,S. Thomas,23
30803,A. Barák,28
126936,Samuel Dias Lino,23
30516,A. Consigli,35
44775,D. Bachmann,28
30415,D. Vlahović,22
25033,Daniel Heuer,30
46646,Sergio Herrera,29
22132,B. Reynet,32
2801,J. Omlin,28
53614,Dmitri Poloz,31
1445,K. Mavropanos,25
53508,Sergey Tkachev,33
30971,G. Gori,23
19308,L. Grabban,34
237,Gastón Rodrigo Pereiro López,27
25155,T. Mohr,27
25906,R. Zentner,28
647,Anthony Lopes,32
19804,K. Moore,30
44909,T. Watt,29
24967,A. Mühling,30
782,L. Pellegrini,26
47294,Williams,28
46901,U. Đurđević,28
853,L. Bonucci,35
19192,J. Ramsey,21
1496,Raphinha,26
10135,Bruno Guimarães,25
30437,M. Barrow,24
2036,Juan Soriano,25
70570,Joaquín Oscar Larrivey,38
19071,E. Buendía,26
47180,Cristian,31
50502,Álvaro Negredo,37
26232,M. Flekken,29
719,Florian Grillitsch,27
874,Cristiano Ronaldo,37
24883,K. Narey,28
31001,Stefano Pettinari,30
18932,F. Forster,34
91490,Samuele Mulattieri,22
18955,D. Ings,30
129673,S. Bajić,21
22157,W. Benítez,29
19920,Ian John Lawlor,28
20451,J. Alnwick,29
117059,Andy,32
154741,Juande Rivas,23
87100,S. Salles-Lamonge,26
36878,M. Bizot,31
19038,B. Hamer,35
19431,C. Martin,34
31180,Enrico Baldini,26
2781,M. Simon,27
47199,Y. Bodiger,27
18223,L. Southwood,25
41311,Gustavo Sauer,29
21137,Anthony Louis Mandréa,26
17579,Samuel Szmodics,27
30414,G. Simeone,27
31219,A. Zerbin,23
30497,Bremer,25
37046,R. Maulun,26
1780,D. Glushakov,35
44865,John Francis Souttar,26
665,Gnaly Albert Maxwel Cornet,26
126642,P. Wimmer,21
37438,S. Mijnans,22
37428,B. Vriends,31
47461,E. Bardhi,27
31093,Federico Dionisi,35
20733,A. Scheidler,24
351,Goran Čaušić,30
36888,T. Ouwejan,26
37142,Eric Botteghin,35
31351,D. Facchin,35
41523,Pedro Filipe Barbosa Moreira,30
19717,B. Bialkowski,35
21080,A. Olliero,26
20593,V. Demarconnay,39
46668,Francisco Jiménez Tejada,36
19559,K. Naismith,30
131,Jorge Cuenca,23
26521,O. Kiomourtzoglou,24
1946,L. Trossard,28
2734,P. Billing,26
19573,J. Lumley,27
128365,Gaizka Larrazabal,25
30542,J. Odgaard,23
18835,Guaita,35
197764,I. Jones,23
20589,B. Mbeumo,23
41155,Pedro Filipe Figueiredo Rodrigues,25
39034,A. Linde,29
17641,E. Adebayo,24
2999,J. Bednarek,26
37892,D. Eckert,25
2729,J. Andersen,26
25913,A. Hack,29
119633,Francisco Miguel Ribeiro Tomé Tavares Bondoso,27
2864,A. Isak,23
24865,David Robert Bates,26
125073,Koldo Obieta Alberdi,29
26248,V. Grifo,29
2118,Răzvan Gabriel Marin,26
47257,D. Suárez,34
46981,Xavi Torres,36
895,J. Garner,21
26293,R. Zieler,33
2823,S. Lukić,26
21387,T. Monconduit,31
46996,Álvaro Lemos,29
2701,Y. Bounou,31
25297,M. Gregoritsch,28
915,Gabriel Paulista,32
21378,R. Gurtner,36
181569,Iker Seguín Cid,33
127803,S. El Karouani,22
53630,S. Strandberg,32
7722,S. Kalajdzic,25
2053,Roque Mesa Quevedo,33
19082,M. Vrančić,33
232,N. Viergever,33
934,Santiago Mina Lorenzo,27
41223,Guilherme Schettine Guimarães,27
18949,Oriol Romeu,31
37371,J. Bruijn,26
47529,Miguel Morro,22
404,Bastian Oczipka,33
1825,Lucas Torró,28
116909,Marc Martínez,32
31637,Michele Camporese,30
30882,Matteo Pisseri,31
3014,S. Żurkowski,25
30495,Salvatore Sirigu,35
25111,P. Testroet,32
30980,Vladimir Golemić,31
2413,Richarlison,25
50048,V. Muriqi,28
18968,Y. Bissouma,26
30807,S. Fofana,27
18970,P. Groß,31
21628,B. Samba,28
39243,S. Tronstad,27
47302,Diego Llorente,29
1570,Sergio Canales,31
106725,K. Lewis-Potter,21
46721,Eugeni Valderrama,28
20645,G. Courtet,33
37872,S. Stevens,30
45254,Bruce Anderson,24
153290,Víctor Gómez,22
25087,M. Männel,34
17421,Callum Brittain,24
47566,Javier Galán,28
26303,B. Sosa,24
304853,A. Scott,19
7720,S. Bakış,28
25181,Aleksandr Vyacheslavovich Zhirov,31
36922,S. van den Berg,21
25011,A. Pieper,24
48537,R. Uldriķis,24
37116,J. Clarke-Salter,25
19613,O. Ejaria,25
22169,Wylan Cyprien,27
46732,Fran Gámez,31
24196,P. Lemonnier,29
53697,A. Belenov,36
21448,L. Buadés,25
31664,A. Micai,29
46743,Salva Sevilla,38
32862,T. Kubo,21
20299,G. Docherty,26
22174,A. Tameze,28
8500,W. Endo,29
18791,B. Foster,39
25008,J. Clauss,30
53598,Danil Stepanov,22
53626,D. Kulakov,36
44831,Paul Thomas Hanlon,32
24026,J. Mellot,28
1272,Z. Youssouf,23
125726,F. Bilbija,22
48210,Chima Akas Uche,28
21386,I. Gomis,23
2062,Quincy Anton Promes,30
41630,Yan Matheus Santos Souza,24
40407,Salvador Agra,31
69243,J. McGrath,26
25161,P. Seguin,27
30504,W. Singo,22
277003,Neil El Aynaoui,21
250,J. Piroe,23
46742,Dani Rodríguez,34
47543,Álvaro García,30
55904,D. Ballard,23
30396,C. Biraghi,30
20883,L. Nestor,33
41430,André Luís Silva de Aguiar,28
414,Omar Mascarell,29
46871,Dani Martín,24
30776,C. Romero,24
47090,Iker Undabarrena Martínez,27
45149,J. White,30
45082,R. Laidlaw,30
128582,Jorge de Frutos,25
47206,José Carrillo,28
18904,J. Shelvey,30
26093,D. Roßbach,29
20619,I. Meslier,22
45105,Paul James McMullan,26
25086,R. Jendrusch,26
527,Bruno Varela,28
45029,Cameron Kerr,27
146048,Tomás Aresta Branco Machado Ribeiro,23
8694,W. Faes,24
129636,Mikel Iribas Aliende,34
47399,Pichu Cuéllar,38
24267,A. Maraval,29
25355,A. Maier,23
1845,Bastos,31
19955,Josh Knight,25
418,Suat Serdar,25
69418,Conor McCarthy,24
36865,M. Meulensteen,23
24121,G. Sangaré,26
44900,Sean Goss,27
20583,Christopher Martins Pereira,25
19262,T. Kalas,29
20665,J. Bellegarde,24
47578,Christian Rivera,25
47533,Catena,28
2771,O. Aina,26
30413,M. Pjaca,27
17450,Jorge Grant,28
17453,Ryan Joseph Sweeney,25
20638,E. Le Fée,22
930,Carlos Soler,25
9298,Alisson Pelegrini Safira,27
32108,Simone Corazza,31
66261,Nikolay Komlichenko,27
20768,F. Ogier,33
19268,J. Brownhill,27
25203,B. Gimber,25
18782,M. James,31
2604,G. Shibasaki,30
25287,K. Danso,24
21635,J. Gradit,30
903,S. McTominay,26
19527,G. Gardner,30
3032,B. Afobe,29
19774,J. Cummings,27
30472,Danilo Larangeira,38
41542,Víctor Hugo García Hernández,28
47435,Fran Beltrán,23
191229,B. Brahimi,22
8678,A. Lusamba,25
31139,Dimitri Bisoli,28
19789,E. Pinnock,29
18828,R. Snodgrass,35
96331,Koffi Franck Kouao,24
30561,Alessandro Deiola,27
47002,Fidel,33
24199,R. Boissier,28
46170,I. Ilić,21
53581,Danijel Miškić,29
69419,S. McLoughlin,26
46653,David García,28
44736,Cryzan da Cruz Queiroz Barcelos,26
152530,T. Vannoye,24
37053,I. Kallon,26
65342,Mohamed Konaté,25
25401,G. Itter,23
30633,Raúl Asencio,24
22243,I. Aaneba,23
105015,Germán Parreño,29
36900,A. Maher,29
84081,G. Biancone,22
1275,N. de Préville,31
2936,J. Tarkowski,30
30552,Maxime Jean Roberto Leverbe,25
129554,Aristidi Kolaj,23
46652,Unai García,30
25348,Vladimír Darida,32
1927,Neto Borges,26
18945,S. Armstrong,30
56292,Manolo Portanova,22
45158,Liam Smith,26
31021,Alberto Grassi,27
25119,S. Gonther,36
25099,J. Hochscheidt,35
50044,Mustafa Saymak,29
2945,D. Bronn,27
21083,Thomas Hervé Basila,23
1347,Victor Moses,32
53772,Aleksandr Sobolev,25
266813,Warren Bondo,19
85683,J. Leborgne,27
204039,D. Udogie,20
85405,A. Anani,28
25399,D. Franke,24
19534,L. Jutkiewicz,33
31836,Giuseppe Prestia,29
47237,L. Suárez,25
25387,Walace,27
1628,Mattia Caldara,28
19411,T. Kane,29
384,M. Loum,26
1652,F. Tsadjout,23
105020,Óscar Gil Osés,27
20778,Y. Magnin,25
30994,S. Molina,30
45324,S. Lavery,24
20891,T. Mauricio,28
43304,Pedro Moreira,33
47463,Pepelu,24
1564,Junior Firpo,26
182603,Olasagasti,22
57016,C. Gondo,26
53688,Artem Timofeev,28
1850,Milan Badelj,33
19855,Nathan Thompson,32
19130,K. Phillips,27
31672,V. Mantovani,26
47525,A. Lozano,29
25202,M. Gaus,33
284797,D. Ouattara,20
30484,M. Svanberg,23
30549,Luca Ceppitelli,33
31003,S. Nwankwo,30
45815,S. Tedić,22
664,L. Tousart,25
43221,D. Fabbrini,32
30727,Michele Marconi,33
22097,A. Nordin,24
19404,Lucas João,29
30663,D. Diaw,30
138787,A. Gordon,21
25329,M. Kruse,34
37029,P. Bos,25
24914,R. Glatzel,28
31407,Luca Vido,25
1093,E. Mwepu,24
36847,T. Boere,30
47582,Juan Camilo Hernández Suárez,23
8489,J. David,22
26301,Marc Oliver Kempf,27
666,M. Dembélé,26
115588,B. Okoh,19
2910,Ui-Jo Hwang,30
8601,F. Pierrot,27
14519,Vitali Lisakovich,24
21078,Q. Braat,25
24830,B. Zolinski,30
19283,A. Weimann,31
19128,J. Harrison,26
19809,Ashley Maynard-Brewer,23
20535,H. Diallo,27
1156,T. Krauß,21
24803,F. Kainz,30
25280,J. Verhoek,33
2802,Y. Sommer,34
1856,S. Milinković-Savić,27
25110,Dimitrij Nazarov,32
306,Mohamed Salah,30
37180,S. Gustafson,27
36887,J. Kramer,26
2080,Viktor Johan Anton Claesson,30
30544,G. Scamacca,23
190686,Sékou Mara,20
1371,Y. Benzia,28
30998,A. Kargbo,23
30393,A. Lafont,23
25904,J. Huth,28
18911,N. Pope,30
7131,Ronivaldo,33
47279,Iñigo Córdoba,25
24850,M. Hartel,26
51478,Rodrigo Abascal Barros,28
81996,A. Fisher,24
37132,Mohammed Dauda,24
90509,S. Shashoua,23
24861,S. Polter,31
25293,R. Oxford,24
24812,S. Terodde,34
2926,Y. Tielemans,25
19753,S. Bradley,30
47293,Iñigo Vicente,24
15892,N. Laursen,24
30670,Michele  Di Gregorio,25
31560,S. Moreo,29
21377,M. Dreyer,33
53646,Igor Leshchuk,26
20103,R. Dickie,26
30642,Alberto Andrea Paleari,30
19053,Abdelhamid Sabiri,26
25344,Marvin Plattenhardt,30
31853,Manuel De Luca,24
46745,Pablo Valcarce,30
20692,H. Abdelli,23
6935,S. Singh,23
2928,C. Benteke,32
19109,B. Sharp,36
25383,F. Muslija,24
48390,R. van Wolfswinkel,33
2762,J. Brekalo,24
30570,Alberto Cerri,26
30915,M. Silvestri,31
21591,A. Delort,31
47370,Borja Bastón,30
20700,E. Assifuah,29
25533,N. Schmidt,24
1732,A. Badji,25
821,Igor Akinfeev,36
31386,Jawad El Yamiq,30
25178,L. Paqarada,28
45083,Benjamin Kevin Siegrist,30
93671,Chirivella,25
37961,M. van Ewijk,22
726,A. Kramarić,31
36982,M. Vlap,25
19312,S. Benda,24
26256,T. Kleindienst,27
2204,B. André,32
80528,Andrew da Silva Ventura,21
20648,I. Sissoko,27
45169,Luke McCowan,25
20973,D. Guidi,26
31562,G. Puşcaş,26
47355,Rubén Duarte,27
25141,S. Burchert,33
37131,O. Darfalou,29
41325,Vítor Costa de Brito,28
10563,Cláudio Winck Neto,28
56860,Anthony Partipilo,28
20754,Y. M&apos;Changama,32
25358,J. Dilrosun,24
1697,Pablo Fornals,26
18047,A. Dobre,24
20761,F. Sotoca,32
36903,M. Seuntjens,30
25138,M. Koné,26
119743,Dani Barrio,35
186,Son Heung-Min,30
31624,Gabriel Strefezza,25
31153,E. Torregrossa,30
1938,R. Malinovskyi,29
127621,Riccieli Eduardo da Silva Júnior,24
20953,Q. Laçi,26
162434,Alejandro Francés,20
21589,B. Boutobba,24
18979,V. Gyökeres,24
19562,N. Powell,28
21086,Enock Kwateng,25
2934,M. Keane,29
19617,M. Olise,21
30641,Luca Maniero,27
96,Jemerson,30
24899,P. Mainka,28
45019,Danny Mullen,27
47056,Íñigo Eguaras Álvarez,30
18753,Adama Traoré,26
18033,N. Baxter,24
19462,C. Robinson,27
41371,Fali Candé,24
41930,André Watshini Bukia,27
2465,J. Musso,28
7554,M. Sollbauer,32
15874,A. Jung,31
2677,João Moutinho,36
30857,Lorenzo Maria Dickmann,26
421,B. Embolo,25
56848,Andrea Tiritiello,27
25825,A. Jonjić,23
19632,S. Hutchinson,32
47551,Raúl de Tomás,28
96687,Victor Braga,30
110,H. Massengo,21
35544,J. Vásquez,24
182786,Juanpe,26
3339,C. Doucouré,22
25212,S. Kittel,29
1684,Andrés Fernández,36
17951,Jake Billy Doyle-Hayes,24
19903,G. Honeyman,28
30875,Mattia Valoti,29
157194,Pejiño,26
25058,M. Riemann,34
1282,J. Joronen,29
26778,Marcos Paulo,34
46795,Domingos Duarte,27
3080,M. Munetsi,26
47037,Jorge Giovani Zarfino Calandria,31
135152,Jesús Ruiz Suárez,25
46968,Óscar Gil,24
19055,K. Ahearne-Grant,25
18831,A. Carroll,33
46670,Brandon Thomas Llamas,27
37114,A. Büttner,33
2214,R. Del Castillo,26
10470,Cassiano,33
20933,Giovanni Haag,22
1912,D. Payet,35
107153,Enrique Pérez Muñoz,25
24799,J. Geis,29
40201,Iván Márquez,28
43511,Ilya Samoshnikov,25
47320,Juanmi,29
46672,Rui Silva,28
125276,R. Malone,30
19682,J. Yates,26
18916,M. Lowton,33
46803,Jonathan Montiel,24
85914,J. Le Cardinal,25
53606,I. Konovalov,26
47153,Juan Carlos Martín Corral,34
8464,Ivo Tiago dos Santos Rodrigues,27
47249,L. Cabrera,31
25206,P. Neumann,25
20916,C. Wooh,21
46736,F. Russo,28
1809,Tuta,23
43585,Dmitri Tikhiy,30
19885,Jack  Baldwin,29
19329,D. James,25
37248,K. Bucker,26
791,S. El Shaarawy,30
20545,J. Castelletto,27
19125,M. Bogusz,21
876,N. Fagioli,21
30810,R. Mandragora,25
1631,R. Rodríguez,30
47561,Carlos Akapo,29
48473,D. Stojanovic,29
45054,Liam Vaughan Henry Fontaine,36
254,Gianluigi Buffon,44
935,Rodrigo,31
47432,Hugo Mallo,31
268341,F. Gatti,24
25342,Maximilian Mittelstädt,25
21502,M. Merghem,25
18860,M. Travers,23
21569,Daniel Congré,37
161663,Eiran Joe Cashin,21
177661,J. Justvan,24
25646,A. Pléa,29
46746,A. Budimir,31
19242,P. McNair,27
19173,M. Šarkić,25
9450,Kewin Oliveira Silva,27
420,G. Burgstaller,33
22007,Hassane Kamara,28
40271,T. Dähne,28
22261,A. Thomasson,29
24173,Shaquil Delos,23
19045,C. Schindler,32
2979,J. Rodríguez,24
45090,Ross James Graham,21
47155,Edu Campabadal,29
24801,J. Hector,32
19159,S. Johansen,31
19172,Ø. Nyland,32
19211,Max Bird,22
44877,U. Ikpeazu,27
107199,Pierre Cornud,26
30644,Davide Adorni,30
768,F. Fazio,35
88140,R. Schallenberg,24
47460,Rober,27
20597,O. Kanté,33
11346,Matías Ezequiel Dituro,35
31055,Marko Pajač,29
47217,Salvador Ferrer,24
47429,David Costas,27
37157,Tonny Emílio Trindade de Vilhena,27
47580,Alejandro Gallar Falguera,30
196875,J. Bagan,21
25307,M. Richter,25
81573,Omar Marmoush,23
17733,Kaiyne River Woolery,27
928,Dani Parejo,33
193327,Miki Muñoz,27
46843,Alfonso Herrero,28
46961,Edgar Badia,30
46651,Clerc,30
31631,N. Leali,29
56877,Nicola Bellomo,31
53600,F. Uremović,25
125743,Beto,24
56390,Michael Venturi,23
138807,D. Bernard,22
2918,K. Casteels,30
37253,Mats Knoester,24
19631,J. Cooper,27
108460,Žiga Frelih,24
70315,Kirian Rodríguez,26
64315,Josh Mulligan,20
31489,G. Brugman,30
22224,Gabriel Magalhães,25
25003,Philipp Mickel Klewin,29
46993,Eric Curbelo,28
30960,Tomasz Mateusz Kupisz,32
41323,Mama Baldé,27
138806,B. Williams,22
20964,C. Zady Sery,23
183744,Beñat Turrientes,20
99,R. Pierre-Gabriel,24
2042,Sergi Gómez,30
37834,Bryan George Jeffrey Smeets,30
48254,M. Svensson,24
963,L. Hrádecký,33
15664,Vladis-Emmersón Illoy-Ayet,27
25047,T. Kempe,33
7293,S. Kennedy,25
837,Konstantin Kuchaev,24
25403,Robin Knoche,30
47182,Tete Morente,26
19091,C. Basham,34
41089,Matheus,30
2855,E. Krafth,28
19194,T. Abraham,25
45232,Lee Ashcroft,29
867,G. Kastanos,24
46922,J. Narváez,27
972,J. Tah,26
47395,Sergi Enrich,32
2472,R. De Paul,28
20912,L. Néry,31
128342,R. Ndiaye,21
2670,Íñigo Martínez,31
119686,D. Redan,21
37170,W. Janssen,36
45114,N. Clark,31
20654,F. Centonze,26
37765,L. Unnerstall,32
26234,Alexander Schwolow,30
181463,Víctor Meseguer,23
21592,Gaëtan  Laborde,28
20480,K. van Veen,31
44943,Ricki Lamie,29
31173,D. Frattesi,23
20503,L. O&apos;Brien,24
15719,Oliver Abildgaard,26
1906,A. Rami,37
191976,Joseph Oluwagbemiga Mayowa  Hungbo,22
46832,Javier Ontiveros Parra,25
2824,N. Maksimović,27
2772,K. Omeruo,29
30975,Marco Festa,30
162520,Rodrigo Guth,22
361,Miloš Vulić,26
329,P. Zieliński,28
30452,É. Barreto,38
18816,A. Masuaku,29
19366,O. Watkins,27
47143,Fran Villalba,24
19599,E. Martínez,30
2822,D. Lazović,32
31191,Demba Thiam Ngagne,24
47109,Óscar Valentín,28
702,O. Baumann,32
104601,Arsen Adamov,23
87966,K. Wriedt,28
37031,X. Mous,27
20023,K. McFadzean,35
19026,L. de la Torre,24
6503,N. Molina,24
19204,Curtis  Davies,37
19118,L. Cooper,31
19964,S. Dembélé,26
20809,D. Louiserre,27
925,Gonçalo Guedes,26
31031,Roberto Inglese,31
18808,T. Deeney,34
41604,O. Diakhité,29
20901,G. Robail,28
25416,W. Weghorst,30
19047,J. Bacuna,25
19495,N. Collins,21
38753,N. Kühn,22
22146,Manu García,24
122808,Juan Manuel Bravo Alcántara,24
47065,Alberto Zapater,37
175037,A. Malanda,21
332,D. Mertens,35
47321,Roberto López,22
21761,O. Gonzalez,24
57091,Matteo Perri,24
41304,Rui Filipe Caetano Moura,29
24135,A. Ba,33
31318,M&apos;Bala Nzola,26
48560,Kemal  Ademi,26
2817,N. Milenković,25
18648,R. Atkinson,24
31060,F. Caputo,35
21143,T. Pellenard,28
22163,Dante,39
47557,Ó. Trejo,34
119687,Adon Gomis,30
2066,S. Kritsyuk,32
41440,Fahd Moufi,26
41264,Zainadine Abdula Chavango Júnior,34
20767,V. N&apos;Simba,29
45040,Paul McGowan,35
36923,B. van Polen,37
39095,E. Rashani,29
19378,T. Lees,32
50030,Montassar Omar Talbi,24
64268,J. Mojica,30
15881,Morten Wetche Frendrup,21
47052,Álex Muñoz,28
129056,Ramón Enríquez,21
46710,Jérémie Bela,29
26425,N. Antonitsch,31
144,Sergio Busquets,34
41765,Willyan da Silva Rocha,27
49594,M. Haddad,26
163260,Nuno Gonçalo Rocha Moreira,23
26292,A. Meyer,31
19664,Z. Vyner,25
38695,J. van Hecke,22
39080,P. Zinckernagel,28
31452,Filippo Scaglia,30
30840,L. Vignali,26
3345,A. Niané,29
181570,Íñigo Orozco Andonegi,29
43488,Yuri Gorshkov,23
43500,Vladislav Sarveli,25
31511,Alberto Barison,28
53525,M. Normann,26
31523,Salvatore Burrai,35
21633,A. Djiku,28
6288,Alan Nahuel Ruiz,29
17395,S. Wharton,25
53704,Ionuţ Nedelcearu,26
31565,M. Grandi,30
20608,R. Kouamé,26
47419,José Arnáiz,27
90697,T. Duman,25
31627,Adriano Montalto,34
87764,Connor Steven Randall,27
1206,Igor Smolnikov,34
159420,Ronnie Lee Edwards,19
47553,Bebé,32
25616,S. Rhein,24
378,Alex Telles,30
19483,Richard Smallwood,32
19089,S. Moore,32
20073,L. Coyle,27
19724,C. Elder,27
30919,M. Bianchetti,29
115558,Paris Adot,32
109,A. Golovin,26
2803,N. Elvedi,26
30848,David Chidozie Okereke,25
1863,C. Immobile,32
38705,L. Schoofs,25
20917,L. Abergel,29
48523,X. Kouassi,33
19522,K. Pedersen,28
46693,Fede Vico,28
56275,P. Beruatto,24
30442,Vid Belec,32
8551,R. Riou,35
30656,Luca Parodi,27
97575,Marat Bystrov,30
130262,Afonso Gamelas de Pinho Sousa,22
53690,A. Zinkovskiy,26
31744,Simone Palombi,26
1491,R. Petrović,33
1315,Petar Stojanović,27
41465,Lazar Rosić,29
24183,J. Correa,29
19067,P. Heise,31
9833,Pedrão,25
31632,A. Noppert,28
1709,K. Toko-Ekambi,30
24973,J. Serra,24
8552,Gabriele Angella,33
22150,K. Sidibé,23
1687,Jaume Costa,34
53676,Maksim Karpov,27
21433,F. Miguel,26
20519,A. Oukidja,34
47436,R. Boudebouz,32
1332,Mario Šitum,30
25196,Fabijan Buntić,25
135098,A. Diaby,27
24238,K. Rocheteau,29
20602,S. Yohou,31
30932,L. Henderson,26
1493,M. Acuña,31
45084,C. Booth,31
22257,D. Liénard,34
10329,João Pedro,21
152953,L. Colwill,19
26302,Pablo Maffeo,25
18952,Charlie Austin,33
31504,Manuel Marras,29
25290,J. Gouweleeuw,31
25074,A. Losilla,36
6065,Lucas Gastón Robertone,25
45292,Jordan Marshall,26
84086,Robert Navarro,20
182641,Imanol García de Albéniz,22
31258,P. Hristov,23
47,Toni Moya,24
18944,M. Yoshida,34
56655,Mattia Proietti,30
41562,Walterson Silva,28
25013,M. Christiansen,26
520,P. Will,23
46763,José Matos,27
26352,S. Mai,29
18794,Kiko Femenía,31
66055,Petar Musa,24
21495,C. Traoré,27
31402,F. Ranocchia,21
19344,Yoann Barbet,29
31550,Alessandro Salvi,34
19305,R. Yates,25
202332,Yuri Zheleznov,20
44921,Christopher Cadden,26
3427,A. Yiadom,31
1616,Guerrero,32
19961,Harrison Burrows,20
25156,N. Omladič,33
119,R. Falcao,36
31727,Biagio Meccariello,31
44871,A. Hickey,20
187920,Fabiano Josué de Souza Silva,22
129047,R. Zerrouki,24
1566,Emerson,23
47491,Luismi Sánchez,30
25224,S. Kutschke,34
11471,T. Alarcón,23
20959,M. Tramoni,22
70072,Óscar Arribas Pasero,24
46945,Laureano Sanabria Ruiz,37
46933,Luis Rioja,29
21695,M. Alphonse,33
84055,K. Bamba,28
30937,M. Zaccagni,27
3237,Ismaël Traoré,36
42003,Loreintz Rosier,24
31098,F. Ravaglia,23
129718,J. Bellingham,19
45128,J. Mccart,25
47332,Lluís López,25
30800,B. Wilmot,23
2603,Shoya Nakajima,28
47554,Adri Embarba,30
41108,Bruno Alexandre Vieira Almeida,25
41746,Matheus de Mello Costa,27
50188,C. Jerome,36
18759,P. Jagielka,40
55396,D. O&apos;Shaughnessy,28
20603,Ogou Edmond Akichi,32
18951,C. Slattery,23
2218,I. Sarr,24
1173,B. Meling,28
20694,A. Bonnet,36
575,Florentino Ibrain Morris Luís,23
30625,Lorenzo Crisetig,29
19073,B. Godfrey,24
104894,Sebas Moyano,25
140947,I. Kaboré,21
43588,Kirill Bozhenov,22
18965,Martín Montoya,31
1457,H. Mkhitaryan,33
25090,M. Cacutalua,28
25097,Clemens Fandrich,31
26426,A. Barylla,25
19689,C. Connolly,25
31590,Loris Zonta,25
31842,Riccardo Chiarello,29
193210,Unai Marino Alkorta,23
38113,T. Handwerker,24
19085,T. Pukki,32
21233,A. Zedadka,27
41799,Guilherme Ramos,25
47438,M. Jensen,26
19044,C. Löwe,33
23964,B. Danger,24
30736,Mattia Bani,29
24958,A. Sicker,25
26397,J. Bachmann,26
30532,A. Duncan,29
515,F. Ribéry,39
46799,Edu Expósito,26
46856,Saúl Berjón,36
61150,Joeri de Kamps,30
80566,Rodrigo de Souza Prado,27
47457,Rúben Vezo,28
18740,Jonny Castro,28
46739,I. Baba,26
40911,J. Moder,23
546,L. Schöne,36
30758,R. Meggiorini,37
66013,Uroš  Radaković,28
36999,W. Dammers,27
47495,Sergio Guardiola Navarro,31
131539,Ríos Reina,32
90590,G. Rutter,20
123061,Agus Medina,28
20995,M. Lacroix,22
25151,M. Wittek,27
19245,M. Tavernier,23
53487,Mikhail Levashov,31
1743,Ross McCrorie,24
20745,J. Bénet,27
8683,I. Cardona,25
882,David de Gea,32
20661,M. Sagnan,23
41128,Fábio José Ferreira Pacheco,34
24968,M. Okugawa,26
20773,J. Berthomier,32
262844,Tiago Melo Almeida,21
19493,D. Batth,32
41093,Pablo Renan dos Santos,30
22727,M. Diallo,28
19755,M. Pearson,29
63962,Sebastián Pérez Cardona,29
199837,K. Sulemana,20
20844,H. Hassan,20
44914,Liam Francis Peadar Donnelly,26
125312,F. Nürnberger,23
184277,Fer Niño,22
2614,Nahitan Michel Nández Acosta,27
25006,J. Börner,31
38692,Erik Ross Palmer-Brown,25
8598,T. Awoniyi,25
18562,Stephen Ayomide Oluwagbenga Obileye,28
30769,Davide Biraschi,28
45095,Jamie Robson,25
97879,Declan David Glass,22
19469,Charlie Patrick Mulgrew,36
47579,E. Ávila,28
829,Rodrigo Becão,26
30397,F. Ceccherini,30
3402,Jeando Pourrat Fuchs,25
30514,V. Millico,22
1485,Bruno Fernandes,28
17728,K. Anderson,27
20104,L. Garbutt,29
20882,A. Linguet,23
19990,D. Sterling,23
41157,Domingos André Ribeiro Almeida,22
19446,A. Browne,27
20849,M. Michel,31
19510,R. Woods,29
152669,D. Yongwa,22
53537,V. Gudiev,27
26243,N. Schlotterbeck,23
194833,Romal Palmer,24
53610,Vyacheslav Podberezkin,30
19674,William Robert Vaulks,29
25007,Cédric Brunner,28
153411,C. Drameh,21
3379,C. Hountondji,28
48497,Cédric Jan Itten,26
2682,A. Beiranvand,30
1265,Y. Adli,22
20606,G. Gbellé,30
18793,C. Cathcart,33
19482,J. Rothwell,27
1746,J. Worrall,25
46726,Roman Zozulya,33
119892,Anderson Cordeiro Costa,24
47564,Adrián Diéguez Grande,26
147,Philippe Coutinho,30
22087,M. Nade,23
20689,H. Moukoudi,25
20525,M. Udol,26
31396,M. Carraro,24
26140,P. Owusu,25
24274,Demba Thiam,33
31507,R. Sottil,23
31526,Davide Gavazzi,36
15883,Dominik Kaiser,34
107140,Oier Luengo Redondo,25
19230,A. Flint,33
19799,A. Mowatt,27
113591,M. Meyerhöfer,27
37183,Joris van Overeem,28
30488,R. Orsolini,25
156465,I. Soumaré,22
19569,J. Gelhardt,20
47369,Paulino De la Fuente Gómez,25
178941,Rubén González,28
119883,S. Obeng,25
50009,Jens Jønsson,29
129678,A. Ounahi,22
46725,R. Manaj,25
130417,A. Idah,21
31247,Mattia Mustacchio,33
1813,J. Willems,28
41737,Rui Pedro  Silva Costa,26
128533,J. Leweling,21
31008,L. Sepe,31
29720,Ali Alipour,27
37225,B. Straalman,26
44783,Stephen Gerard O'Donnell,30
26442,M. Schröter,27
20081,Jason Derek Holt,29
30844,A. Galabinov,34
46893,Nacho Méndez,24
133634,Kwame Afriyie Adubofour Poku,21
17565,Frankie Kent,27
30713,Daniele Liotti,28
47442,Jozabed,31
25076,G. Sağlam,24
18903,M. Ritchie,33
46662,Moncayola,24
668,N. Fekir,29
47264,Hugo Duro Perales,23
22262,M. Zemzemi,23
278547,Júlio Rodrigues Romão,24
19442,J. Storey,25
18933,A. Gunn,26
181562,Aitor Arregi Arrieta,32
25914,Aarón Martín,25
129067,Boyd Lucassen,24
44790,A. Power,34
141841,Filipe Bem Relvas Vito Oliveira,23
20949,Y. Boé-Kane,31
152946,J. Russell,22
2201,Edson André Sitoe,34
30772,K. Günter,28
1989,Ricardo Andrade Quaresma Bernardo,39
56370,J. Evans,24
215976,N. Michelis,21
25298,A. Hahn,32
18920,Josh Benson,23
41126,Ibrahima Camará,23
142,Rafinha,29
128287,J. Chotard,21
24916,P. Schmidt,29
19801,Victor Adeboyejo,24
45011,Cameron MacPherson,24
162771,J. Ngankam,22
25499,F. Kunze,24
41975,Gaïus Makouta,25
47441,N. Radoja,29
31436,F. Bonazzoli,25
24795,Lasse Sobiech,31
25040,F. Holland,32
41234,Diogo dos Santos Cabral,24
30704,S. Gori,26
2414,Éverton Sousa Soares,26
47386,P. De Blasis,34
7321,D. Oroz,22
25391,N. Füllkrug,29
25396,P. Pervan,35
236955,A. Sarr,21
21565,D. Bertaud,24
9445,Bruno Rafael Rodrigues do Nascimento,25
14,M. Dahoud,26
19545,R. James,23
21104,R. Kolo Muani,24
19913,D. Watmore,28
46807,Borja Valle Balonga,30
839,Ivan Oblyakov,24
9475,Cláudio Luiz Rodrigues Parise Leonel,25
36934,T. van den Belt,21
32201,Ettore Gliozzi,27
36902,T. Reijnders,24
41292,Diederrick Joel Tagueu Tadjo,29
116884,Juanma García,29
1135,O. Édouard,24
37896,E. Ómarsson,27
48322,José León,27
30732,Andrea Seculin,32
154839,Geny Cipriano Catamo,21
190,Cédric Soares,31
39245,I. Koné,23
19794,K. Dougall,29
46267,P. Leeuwenburgh,28
8651,S. Essende,24
196855,J. Anthony,23
31658,E. Cicerelli,28
180758,Reo Hatate,25
1462,L. Torreira,26
26250,N. Höfler,32
30409,J. Veretout,29
19655,F. Onyedinma,26
1226,A. Zabolotny,31
1465,P. Aubameyang,33
61971,Jefferson Nogueira Junior,28
987,Paulinho,22
663,Martin Terrier,25
30637,Roberto Insigne,28
21503,Yeni Atito N'Gbakoto,30
25164,S. Ernst,27
24848,C. Trimmel,35
47472,Borja Mayoral,25
55,Borja Garcés,23
3247,W. Zaha,30
2915,M. Ginter,28
1762,James Murphy,33
1194,Nikita Goylo,24
30634,C. Buonaiuto,30
48418,A. Sadiku,31
19641,D. McNamara,24
1468,E. Nketiah,23
25073,V. Janelt,24
163156,J. Turi,21
41158,João Carlos Vilaça Teixeira,29
51617,D. Núñez,23
41143,João Miguel Macedo Silva,27
307,Xherdan Shaqiri,31
2759,Simon Sluga,29
26342,Luca Pfeiffer,26
25332,J. Sargent,22
31241,Dario Šarić,25
302051,S. Cissé,21
1807,O. N&apos;Dicka,23
1219,O. Shatov,32
6084,G. Silva,28
41169,Léo Jardim,27
138776,Largie Ramazani,21
6913,R. McGree,24
20355,A. Ramsdale,24
31376,Francesco Di Mariano,26
19352,Sergi Canós,25
37627,Thomas Jacco Verheydt,30
46785,Adrián Ortolá Vañó,29
266481,Flavio Junior Bianchi,22
25593,P. Breier,30
2291,M. Kovačić,28
107170,Claudio Medina,29
48504,Anton Mitryushkin,26
19281,A. Semenyo,22
37740,Erik Schouten,31
2720,K. Boutaïb,35
25607,E. Valentini,33
47398,Pere Milla,30
31355,Matteo Bruscagin,33
24854,Grischa Prömel,27
37571,S. van Gassel,26
26297,T. Baumgartl,26
19183,A. Adomah,35
18858,A. Begović,35
19428,J. Bowen,26
31601,Boris Radunović,26
104792,Chris Ramos,25
31669,T. Casasola,27
2295,O. Giroud,36
30417,M. Carnesecchi,22
30752,S. Kiyine,25
20386,M. Macey,28
20533,O. Nguette,28
29,J. Oblak,29
48079,J. Karlsson,24
15400,E. Koffi,27
30489,Rodrigo Sebastián Palacio Alcalde,40
20599,J. López,30
2459,D. Machís,29
107158,Sergio Bermejo,25
194750,E. Touré,21
37167,Maarten Paes,24
794,P. Schick,26
36925,P. Clement,26
2588,K. Nakamura,27
7258,D. Schierl,28
20598,Souleymane Karamoko,30
84087,Wilson Isidor,22
184226,Yeremi Pino,20
30620,Gaetano Letizia,32
638,I. Poveda-Ocampo,22
30790,G. Lapadula,32
18954,S. Gallagher,27
19086,J. Rhodes,32
19224,F. Jozefzoon,31
162773,R. Königsdörffer,21
1254,Gaëtan Poussin,23
18948,N. Redmond,28
48196,S. Hakšabanović,23
8719,Daam Wonnebald Foulon,23
22006,T. Dingomé,31
53667,Evgeni Lutsenko,35
859,Paolo Gozzi Iweru,21
7572,C. Giuliani,23
6011,R. Borré,27
2473,M. Lanzini,29
90641,T. Hübers,26
19354,E. Konsa,25
19298,M. Cash,25
21434,T. Sainte-Luce,24
2726,K. Zouma,28
195962,Chiquinho,22
879,S. Mavididi,24
61159,Rafael Ratão,27
46657,Nacho Vidal,27
46694,Dani Ojeda,28
19108,D. McGoldrick,35
25130,H. Duljević,29
20537,I. Niane,23
47581,Enric Gallego,36
1089,J. van der Werff,24
1934,S. Berge,24
48232,N. Fröling,22
2738,C. Gytkjær,32
1585,Jesé Rodríguez Ruiz,29
18917,B. Mee,33
85,C. Ngonge,22
38128,M. El Hankouri,25
328447,M. Ndiaye,21
46769,Álex,30
184,H. Kane,29
302869,N. Dorgeles,20
628,Adrián Bernabé García,21
25465,R. Hennings,35
37273,K. Peterson,28
20766,J. Laporte,29
249,D. Malen,23
41621,Matheus Luiz Nunes,24
19221,H. Wilson,25
19006,R. Evitt-Healey,28
169524,R. Schifferl,23
20780,Mathias Lage,26
174565,H. Ekitike,20
135334,Santiago Ignacio Bueno Sciutto,24
715,C. Baumgartner,23
30838,Matteo Ricci,28
1714,Mateo Barać,28
334,S. Verdi,30
26242,K. Schlotterbeck,25
1646,Lucas Paquetá,25
37028,F. Stokkers,26
26108,M. Batmaz,22
481,Grzegorz Krychowiak,32
37619,Richard van der Venne,30
24994,Hamadi Al Ghaddioui,32
26252,R. Sallai,25
82220,D. Lyness,31
271066,R. Šimić,19
47179,Dani Escriche,24
25410,J. Guilavogui,32
129130,Simón Moreno,25
41433,Pedro José Moreira Silva,25
19820,N. Sarr,29
20705,J. Thiaré,29
31057,H. Traorè,22
1273,Jimmy Briand,37
25530,D. Kyereh,26
24932,F. Becker,22
174927,A. Sangante,20
8471,T. Kaminski,30
36899,T. Koopmeiners,24
61414,Joey Sleegers,28
1861,F. Caicedo,34
1469,D. Welbeck,32
327629,T. Lake,21
30833,Alessio Sergio Fernando Da Cruz,25
37382,Jonathan Yula Okita,26
21804,B. Soumaré,23
465,Anton Kochenkov,35
47311,Mikel Merino,26
25300,R. Khedira,28
8751,M. Tirpan,29
30830,Gennaro Acampora,28
15727,P. Ochs,25
3394,D. Lamkel Zé,26
182529,José Javier Belman Calvo,24
39888,Germán Gustavo Denis,41
45021,S. Dieng,28
1590,José Sá,29
47534,Alejandro Gálvez,33
284484,J. Clarke,19
56508,Kristjan Matošević,25
25389,I. Bebou,28
96253,Elady Zorrilla,32
137210,A. Stiller,21
6832,Cameron Peter Devlin,24
31352,Luca Lezzerini,27
38132,K. Sierhuis,24
43188,Elvis Kabashi,28
2475,R. Pereyra,31
20520,I. Balliu,30
723,Joelinton,26
1463,J. Willock,23
129043,C. van den Berg,21
37742,G. Smal,25
41976,Yvan Latour Neyou Noupa,25
13898,Manfred Alonso Ugalde Arce,20
25375,T. Asano,28
66085,Matouš Trmal,24
25081,M. Pantović,26
1479,Tiago Djaló,22
31406,Umar Sadiq Mesbah,25
22268,I. Saadi,30
550,K. Dolberg,25
1161,E. Smith Rowe,22
22222,Z. Çelik,25
18767,A. Lookman,25
31045,D. Nikolaou,24
47263,Samuel Sáiz Alonso,31
174,C. Eriksen,30
9602,Patrick William,25
18885,K. Darlow,32
140847,E. Colley,22
47444,E. Apeh,26
22098,V. Vada,26
22265,Nuno da Costa,31
25928,K. Onisiwo,30
19100,K. Dowell,25
20938,F. Sollacaro,28
289292,T. Milanese,20
10154,Thiago Rodrigues da Silva,26
18854,A. Townsend,31
56851,M. Folorunsho,24
523,I. El Maach,22
20563,G. Charbonnier,34
20551,M. Autret,31
53597,Egor Sorokin,27
36920,Y. Nakayama,25
2451,J. Murillo,27
502,J. Kimmich,27
31252,Antony Iannarilli,32
25397,John Anthony Brooks,29
25334,M. Gersbeck,27
1831,A. Rebić,29
26091,C. Kobald,25
145501,Derik Gean Severino Lacerda,23
21636,Frédéric Guilbert,28
47256,Miguel Rubio,24
1949,Anel Ahmedhodzic,23
37216,Nigel Bertrams,29
20557,I. Diallo,23
83,A. Groeneveld,25
683,Ivan Ordets,30
20815,V. Jacob,28
24809,L. Schaub,28
2676,Rúben Neves,25
53609,Vladislav Panteleev,26
714,N. Amiri,26
177745,F. Alidou,21
18962,S. Duffy,30
2478,D. Benedetto,32
1125,R. Christie,27
742,R. Varane,29
123009,Jamelli,29
11261,Lucas Gabriel Masoero Masi,27
24827,K. Pröger,30
770,R. Karsdorp,27
48406,Domen Črnigoj,27
270110,Dmitri Landakov,23
19970,M. Godden,31
266839,Z. Rossi,22
1109,C. Gamboa,33
18788,J. Vardy,35
131527,Joan Femenías,26
2797,Alfreð Finnbogason,33
21318,C. Vincent,30
19636,M. Wallace,29
47251,D. Foulquier,29
26239,L. Kübler,30
1702,Pedraza,26
1461,Denis Suárez,28
19465,David Raya,27
46942,David Fernández Cortázar,37
47473,Jason,28
19607,M. Miazga,27
207,I. Perišić,33
188,S. Handanovič,38
265363,Tiago Tomás,20
162502,M. Lotka,21
43734,Maksim Osipenko,28
20303,J. Laurent,27
1096,D. Szoboszlai,22
19398,S. Fletcher,35
30523,G. Ferrari,30
22260,I. Sissoko,25
41259,Charles,28
71567,Paul-Georges Ntep de Madiba,30
19472,L. Travis,25
30737,Federico Barba,29
48066,Stian Rode Gregersen,27
202696,I. Matanović,19
37417,T. Coremans,31
51095,Alberth Josué Elis Martínez,26
19049,J. Hogg,34
26121,S. Lorenz,25
273080,M. Riou,21
20834,J. Livolant,24
79371,A. Arroyo,23
157284,Mateus Quaresma Correia,26
37188,Gyrano Kerk,27
25313,J. Beste,23
1277,François Kamano,26
50798,O. Okwonkwo,24
20806,Brahim Konaté,26
136017,Tommaso Cassandro,22
191901,Alejandro Sotillos Miarmau,24
107152,Hugo Rama,26
19361,S. Benrahma,27
46875,Canella,34
46849,Javi Hernández,24
47164,Gerard Valentín,29
19263,L. Kelly,24
18883,D. Solanke,25
19017,Cyrus Sylvester Frederick Christie,30
7656,M. Grgić,31
3175,Z. Ferhat,29
18813,A. Cresswell,33
1243,T. Souček,27
320,Nikola Maksimović,31
44809,M. Lowe,25
18884,S. Surridge,24
45792,L. Ranđelović,25
18967,L. Østigård,23
47427,Iván Villar,25
46957,Juan Muñoz,27
25284,Andreas Luthe,35
19265,A. Webster,27
138868,Kieran Ewan Freeman,22
79119,J. Célestine,25
91503,S. Canestrelli,22
119232,Dani Gómez,24
19179,T. Mings,29
18817,A. Ogbonna,34
203040,T. Lemperle,20
93001,E. Tavşan,21
1202,Elmir Nabiullin,27
36896,K. Goudmijn,21
37302,R. Niemeijer,27
53504,Daniil Khlusevich,21
19768,Andrew Murray Shinnie,33
1115,Anthony Ralston,24
19112,Kiko Casilla,36
18744,M. Kilman,25
150140,Ivan Kuzmichev,22
31737,Marco Mancosu,34
47287,Mikel Rico,38
147797,Antoñín Cortés,22
40257,R. Augustyniak,29
8509,Rai Hendrikus Martinus Vloet,27
36792,Pol Llonch,30
37242,D. Burgzorg,24
90957,M. Rente,25
37279,Nick Bakker,30
131530,Ismael Casas,21
46882,M. Peybernes,32
25826,C. Kühlwetter,26
182667,Edu Espiau,28
46692,Vadillo,28
25576,Oliver Hüsing,29
31871,Alessio Iovine,31
30809,S. Ingelsson,24
30692,F. Nardi,24
30934,L. Marrone,32
90977,T. Becker,25
30780,L. Mazzitelli,27
291649,Vanderson,21
118,Gelson Martins,27
9994,Jean Lucas,24
9010,M. Jajalo,34
47300,T. Hernández,25
2522,A. Sanabria,26
30416,E. Berisha,33
1982,G. Medel,35
25917,R. Baku,24
47541,Santi Comesaña,26
19437,B. Davies,27
328808,M. Ebiowei,19
20526,F. Boulaya,29
20484,B. Wilson,30
72401,Richlord Ennin,24
44942,Craig Peter Halkett,27
44864,M. Smith,34
31089,L. Valzania,26
91358,E. Valeri,24
30530,L. Sernicola,25
24819,U. Hünemeier,36
19087,D. Srbeny,28
19116,L. Ayling,31
125566,Ekain Zenitagoia,28
274328,S. Sow,20
22147,K. Koné,21
25644,P. Herrmann,31
2476,G. Rodríguez,28
755,Jaime Seoane,25
19451,D. Johnson,30
49888,Y. Yazıcı,25
25453,A. Hoffmann,29
10375,Iago,25
159,H. Lloris,36
19342,L. Daniels,34
21045,S. Beusnard,30
19206,R. Keogh,36
24831,Babacar Gueye,28
1128,Jonathan Hayes,35
31158,Cristian Andreoni,30
31543,A. Gallo,22
21385,E. Gnahoré,29
136066,Gaetano Fasolino,22
56177,Karlo Butić,24
214283,J. Botué,20
19124,P. Jansson,31
25528,Maximilian Dittgen,27
30827,M. Erlić,24
283668,Arnau Martínez López,19
47265,Jorge Molina,40
31424,Bertrand Yves Baraye,30
30658,F. Proia,26
1781,Maksim Glushenkov,23
825,Nikita Chernov,26
162594,Alexandre Manuel Penetra Correia,21
2500,Fabián Cornelio Balbuena González,31
80538,Alex de Oliveira Nascimento,23
36832,Rafael Ramos,27
25916,M. Niakhate,26
80166,Thiago Galhardo do Nascimento Rocha,33
26681,Dimitrios Stavropoulos,25
30624,F. Bandinelli,27
47522,Douglas Luiz,24
26255,L. Höler,28
41282,Edgar Costa,35
301184,R. Colwill,20
20496,J. Butterfield,32
2209,R. Guitane,23
24936,J. Dudziak,27
48065,Jörgen Joakim Nilsson,28
47270,Unai Simón,25
47326,Roberto Jiménez Gago,36
47433,Lucas René Olaza Catrofe,28
25309,S. Kapino,28
7763,F. Sittsam,28
15897,P. Vindahl,24
3395,S. Mounié,28
24963,A. Karazor,26
19860,M. Clarke,26
8777,Ahmed Touba,24
20114,J. Graham,27
8522,Joel Pereira,26
36862,S. Bakari,28
138859,C. Klarer,22
129072,Y. Vertessen,21
41370,Aylton Filipe Boa Morte,29
193645,Y. Cimignani,20
63393,Artem Polyarus,30
61178,C. Ronan,24
30845,E. Gyasi,28
30539,Federico Di Francesco,28
26247,J. Gondorf,34
47349,Javi Puado,24
20734,J. Tell,25
31134,Bruno Martella,30
19104,John David Lundstram,28
38119,D. Warmerdam,27
2916,N. Stark,27
47895,I. Lidberg,24
182674,Jofre Carreras,21
38121,I. Bel Hassani,30
272731,R. Kuijpers,22
68132,O. Djoco,24
38812,J. Bakker,24
162023,T. Baldé,20
8681,N. Alioui,23
646,M. Gorgelin,32
24931,P. Ziereis,29
24843,N. Rapp,26
26319,F. Agu,23
22016,Rémi Oudin,26
24852,J. Mees,26
23965,N. Dekoke,26
174693,B. Roux,23
20878,Saliou Ciss,33
25319,F. Bartels,35
271698,H. Camara,20
24960,J. van den Bergh,36
153375,C. Makridis,26
108475,P. Pfeiffer,23
21069,Grégoire Lefebvre,28
2919,M. Sels,30
24990,B. Saller,30
53500,Z. Bakaev,26
1473,Tiago Abiola Delfim Almeida Ilori,29
40244,Soslan Dzhanaev,35
322143,K. Petuely,18
47476,Yoel,34
1260,Pablo,31
145476,R. Khadra,21
19475,J. Buckley,23
18080,J. Koroma,24
53702,B. Jokić,36
11006,Tiago Rodrigues,30
46860,Javi Muñoz,27
21326,E. Basilio,28
85756,S. Quemper,29
31038,Gianluca Saro,22
1154,Stefan Ilsanker,33
174607,David Costa,21
22178,M. Le Bihan,32
7409,P. Puchegger,27
20574,J. Obiang,29
2593,S. Muroya,28
30638,Federico Ricci,28
169360,M. Dijakovic,20
31163,Emanuele Padella,34
30787,Nicola Dalmonte,25
863,R. Bentancur,25
19734,A. Dozzell,23
138826,A. Lewis,23
875,Paulo Bruno Exequiel Dybala,29
189866,John Nwankwo,22
2724,L. Digne,29
18739,W. Boly,31
48186,Per Filip Dagerstål,25
43656,Aleksandr Rudenko,23
152850,D. Proper,20
46714,M. Malsa,27
127928,L. Tempelmann,23
331,Lorenzo Insigne,31
318,K. Koulibaly,31
48107,T. Tekie,25
21138,R. Aït Nouri,21
1904,B. Kamara,23
21438,A. Briançon,28
107194,Antonio Sánchez,25
43591,Ilya Kukharchuk,32
20561,J. Pi,29
31084,Paolo Ghiglione,25
1215,Leon Musaev,23
3008,M. Klich,32
18899,I. Hayden,27
169,K. Trippier,32
31421,L. Ravanelli,25
37155,O. Kökçü,22
24897,M. Busch,28
37161,L. Sinisterra,23
47384,Cote,33
19256,Niki Emil Antonio Mäenpää,37
181582,Copete,23
1847,Luiz Felipe Ramos Marchi,25
31415,Pietro Ceccaroni,27
30611,Lorenzo Montipò,26
21584,Mihailo Ristić,27
2923,Y. Carrasco,29
128311,R. Meerveld,20
19668,Joseph Peter Newell,29
44828,Maciej Kevin Dąbrowski,24
97896,Kevin Nisbet,25
30797,B. Nuytinck,32
46816,Cifuentes,32
46946,R. Boateng,30
85704,Jérôme Prior,27
47573,David Ferreiro,34
10238,Carlos Augusto,23
24886,Jairo Samperio Bustara,29
32960,Hidemasa Morita,27
18986,S. Bamba,37
19828,A. Dijksteel,26
22160,O. Boscagli,25
47422,Y. En-Nesyri,25
19646,J. Wallace,29
18779,H. Choudhury,25
50243,Allano Brendon de Souza Lima,27
24151,A. Robic,36
3375,S. Allagbé,29
2445,Mikel Villanueva Álvarez,29
21709,E. Loiodice,22
46904,Fernando Martínez Rubio,32
26241,C. Okoroji,25
142024,José Carlos Teixeira Lopes Reis Gonçalves,24
19497,B. Martins Indi,30
26548,S. Härtel,23
152969,L. Thomas,21
41154,Diogo Filipe Costa Rocha,27
1460,B. Saka,21
14341,Stanko Jurić,26
19959,B. White,25
46862,Borja Sánchez,26
8746,Bambo Diaby,25
23119,L. Vallier,23
47100,Isaac Carcelén,29
40360,M. Heinloth,30
1823,M. Stendera,27
19107,G. Madine,32
851,W. Szczęsny,32
47515,Borja García Freire,32
182219,Álex Baena,21
20649,Y. Wissa,26
107217,Xeber Alkain Mitxelena,25
751,Jaume Grau,25
31387,Nicola Falasco,29
47308,N. Djouahra,23
31236,M. Coulibaly,23
30527,Rogério,24
483,K. Kvaratskhelia,21
19486,D. Butterworth,23
128489,Alessio Tribuzzi,24
2360,D. Giannoulis,27
31035,B. Drągowski,25
215865,Edoardo Pierozzi,21
22002,G. Konan,27
2433,R. Tapia,27
720,L. Rupp,31
25461,K. Stöger,29
41104,João Maria Lobo Alves Palhinha Gonçalves,27
25925,Jean-Paul Boëtius,28
47434,Kevin Vázquez,29
44810,Jack MacKenzie,22
135525,C. Ramsay,19
7153,F. Köchl,20
2986,É. Mendy,30
19791,Jordan Williams,23
25541,N. Shipnoski,24
41436,David Carneiro Dias Resende Bruno,30
969,Tin Jedvaj,27
1253,Benoît Costil,35
1321,L. Majer,24
31528,Roberto Zammarini,26
30687,S. Bastoni,26
32038,Hamza El Kaouakibi,24
7634,Daniel Schütz,31
36983,Vanja Drkušić,23
48586,Y. Ravet,33
19253,J. Hugill,30
44893,J. Kerr,25
30405,E. Fernandes,26
32893,H. Ito,23
6002,E. Palacios,24
45782,A. Kostić,27
30979,M. Curado,27
47282,Raúl García,36
292703,Andrey Langovich,19
63935,G. Ferrarini,22
20189,J. Clark,29
26096,M. Thiede,30
629,K. De Bruyne,31
47356,Rodrigo Ely,29
24790,Frederik Hillersborg Sørensen,30
20655,J. Duverne,25
43558,V. Litvinov,21
827,M. Fernandes,32
25402,S. Jung,32
20044,M. Bola,25
1772,Georgi Dzhikiya,29
8902,Brian De Keersmaecker,22
46929,José Corpas,31
19272,C. O&apos;Dowda,27
37035,D. Sambissa,26
87341,R. Lejeune,31
53530,Ivelin Popov,35
30543,G. Raspadori,22
482,Daniil Kulikov,24
2804,T. Klose,34
312902,Mohamed Lamine Cissé,19
19314,Cameron Carter-Vickers,25
26356,M. Heyer,27
295,A. Lallana,34
41597,C. Willock,24
147847,L. Schleimer,23
31327,Tommaso D'Orazio,32
20651,J. Leca,37
1290,Guillermo Varela Olivera,29
50242,A. Akman,20
30842,S. Bidaoui,32
53505,Georgi Kostadinov,32
46733,Raíllo,31
2674,Rui Patrício,34
169295,K. Hein,20
131546,Isi Palazón,28
2383,D. Limnios,24
2049,I. Amadou,29
45,T. Lemar,27
1841,Patric,29
19202,L. Buchanan,21
47139,Marc Mateu,32
25095,Calogero Rizzuto,30
1852,D. Cataldi,28
117107,Manu Molina,31
30498,L. De Silvestri,34
37656,E. Kabangu,24
30863,Francesco Vicari,28
176,E. Lamela,30
38734,S. Botman,22
30871,Pasquale Schiattarella,35
178879,N. Diliberto,21
25595,C. Soukou,30
410,D. Caligiuri,34
20963,Joseph Mendes,31
19812,P. Bauer,30
182,H. Winks,26
2920,T. Castagne,27
46818,Luis Hernández,33
896,A. Gomes,22
513,Renato Sanches,25
144319,S. Soumano,21
24965,J. Meffert,28
47288,Mikel San José Domínguez,33
22237,Rui Fonte,32
47502,José Aurelio Suárez García,27
47468,Rochina,31
138797,William Mbongo Desire Hondermarck,22
178923,Aitor Aldalur Agirrezabala,31
21146,A. Fulgini,26
2816,Miroslav Bogosavac,26
122231,Juan Hernández,28
20523,J. Rivierez,33
271540,O. Camara,19
2711,M. Bourabia,31
105802,Sieben Dewaele,23
53566,Andrey Malykh,34
31477,D. Bettella,22
47336,Darder,29
37927,G. Troupée,24
20194,J. Bonham,29
41566,Rodrigo Conceição,22
25919,G. Holtmann,27
1640,H. Çalhanoğlu,28
47334,David López Silva,33
36921,K. Paal,25
47329,Adrià Pedrosa,24
37788,P. Joosten,26
24966,H. Mörschel,25
17805,C. Pring,24
281989,Daniil Khudyakov,18
17685,H. Pickering,24
38684,B. van Leer,30
82003,T. Bakinson,24
191489,A. Wahib,22
1255,T. Cissokho,22
45020,D. Nazon,28
2202,H. Traoré,30
26525,F. Porath,25
8457,David  Martins Simão,32
41230,Christian Neiva Afonso,28
102840,Alex Méndez,22
41122,Ivanildo Jorge Mendes Fernandes,26
46935,Raúl Lizoáin,31
19484,A. Armstrong,25
41435,Pité,28
31023,Juraj Kucka,35
18874,D. Gosling,32
2575,J. Porozo,22
7364,B. Yılmaz,27
302152,Pedro Jorge Gonçalves Malheiro,21
18041,Bevis Kristofer Kizito Mugabi,27
41295,Rafael Wihby Bracali,41
69308,Ross Tierney,21
21100,I. Louza,23
45291,Barry Maguire,24
19147,C. Dawson,32
104821,Jon Guridi,27
47315,Martín Zubimendi,23
1605,Daniel Podence,27
47317,Barrenetxea,21
48368,M. Hansen,32
47298,Elustondo,28
1983,E. Roco,30
2716,Romain Saïss,32
56161,M. Sala,23
48489,M. Muheim,24
30784,N. Rovella,21
153308,Diego Altube,22
56912,Pasquale Giannotti,23
3430,Caleb Ansah Ekuban,28
31493,F. Melegoni,23
53763,Mikhail Kostyukov,31
298094,Benjamin Alan Paton,22
1782,Ayaz Guliev,26
47258,M. Arambarri,27
1914,M. Sanson,28
31257,Federico Giraudo,24
894,A. Young,37
25539,M. Schäffler,33
47328,Ó. Duarte,33
47380,Cucurella,24
6716,A. Mac Allister,24
46738,M. Valjent,27
46751,Abdón Prats,30
1130,O. Ntcham,26
21429,K. Guessoum,23
19318,K. Naughton,34
47007,Ruiz de Galarreta,29
927,Lee Kang-In,21
47423,Sabin Merino Zuloaga,30
19989,S. McCallum,22
123047,Sergio González,30
47588,A. Fofana,23
18867,Diego Rico,29
167650,A. Ngouyamsa,22
31414,Daniel Cappelletti,31
1821,F. Kostić,30
31105,Mario Ierardi,24
11000,Janio Bikel,27
63615,Á. Vilhjálmsson,28
182201,T. Mitchell,23
20932,M. Dembélé,25
31309,Anthony Michel Taugourdeau,33
31418,M. Lovato,22
44970,Scott Cameron McMann,26
31126,Enrico Alfonso,34
135153,Javi Pérez,27
31405,Federico Melchiorri,35
90498,E. Mangala,31
30987,S. Väisänen,28
1918,V. Germain,32
138873,Ricky-Jade Jones,21
107303,D. Sikan,21
19338,Barrie McKay,28
19605,T. Mcintyre,24
19826,Krystian Bielik,24
19412,Stephen Kingsley,28
46822,Lombán,35
51266,Gianluca Cristiano Busio,20
6048,B. Cufré,26
149707,Ilya Berkovskiy,22
53520,I. Novoseltsev,31
31532,P. Ciurria,27
40409,Iuri José  Picanço Medeiros,28
41103,Ricardo Jorge da Luz Horta,28
15281,N. Ioannou,27
31182,Moutir Chajia,24
1407,D. Appiah,30
275884,A. Bakayoko,20
2777,I. Success,26
47010,Timor,33
106257,Alessandro Gabrielloni,28
30509,A. Belotti,29
19410,B. Fleming,23
2507,M. Almirón,28
1451,Julio Pleguezuelo,25
37186,Cyriel Kolawole Dessers,28
50127,B. Başacıkoğlu,27
25404,J. Roussillon,29
47361,D. Brašanac,30
6579,J. Brunetta,25
55880,Dirk Carlson,24
41537,Ricardo Fernandes,28
20852,K. Boto,26
31549,Andrea Rispoli,34
26500,Maximilian Beister,32
21264,V. Lobry,27
20986,R. Armand,35
44817,Niall McGinn,35
2061,Bryan Gil,21
18930,M. Vydra,30
18918,C. Taylor,29
25084,S. Zoller,31
25614,E. Löwen,25
1124,O. Burke,25
19244,G. Saville,29
19666,M. Crooks,28
25294,K. Stafylidis,29
272553,J. Coburn,20
17534,A. Hughes,30
19459,S. Maguire,28
137302,C. Archer,21
47000,Danny Blum,31
15901,M. Pedersen,26
83029,J. Bowler,23
25299,F. Jensen,25
47485,Rubén Alcaraz,31
46824,Alejo,27
1578,G. Lo Celso,26
25172,D. Diekmeier,33
37436,L. Duarte,25
26095,M. Šverko,24
31056,S. Ricci,21
21148,T. Mangani,35
3407,Stéphane Cédric Bahoken,30
43490,Danil Prutsev,22
43486,Roman Ezhov,25
31483,A. Gravillon,24
25926,J. Burkardt,22
22648,M. Ouadah,28
21342,M. Kikonda,26
1941,M. Ingvartsen,26
274267,B. Locko,20
20556,Y. Court,32
183706,Ander Martín,22
15832,J. Sørensen,24
41516,Marco João Costa Baixinho,33
46683,Germán Sánchez,36
181566,Iker Bilbao Mendiguren,26
181856,Aiden Marsh,19
25370,J. Korb,30
7326,P. Pokorný,21
31736,Ž. Majer,30
46687,Montoro,34
28400,Barnabás Rácz,26
182717,Carles Soria Grau,26
281408,Vítor Manuel Carvalho Oliveira,22
46673,Aarón Escandell,27
31725,Fabio Lucioni,35
271447,D. Cosgun,20
1623,A. Plizzari,22
1579,Joaquín,41
30630,D. Vokić,26
191422,M. Lachuer,22
64024,G. Di Serio,21
47016,Álvaro Fernández,24
46706,Nicolás Ezequiel Gorosito,34
24245,G. Kalulu,25
25808,K. Kraus,30
47033,Roberto Olabe,26
194236,M. Sangaré,24
31164,Danilo Quaranta,25
46930,E. Demirović,24
26304,C. Akolo,27
184615,Óscar Rivas Viondi,22
31393,Filippo Lorenzo Sgarbi,25
128581,Nico Melamed,21
19205,Craig Forsyth,33
2074,A. Martynovich,35
122498,M. Ben Fredj,22
47272,Balenziaga,34
826,Igor Diveev,23
834,K. Bistrović,24
724,Ishak Belfodil,30
48378,S. Widmer,29
30990,Ahmed Benali,30
46828,Iván Jaime Pajuelo,22
31266,Marino Giovanni Defendi,37
667,M. Depay,28
41269,Bebeto,32
18890,A. Barreca,27
129782,Leonardo de Andrade Silva,24
56193,Alessandro Bellemo,27
9940,Felipe Augusto Rodrigues Pires,27
31080,Andrea Beghetto,28
26530,S. Schimmer,28
1582,Rober,21
215847,I. Davies,21
3084,T. Kadewere,26
178,Lucas Moura,30
1478,Abdu Conté,24
48193,Pontus Skule Erik Almqvist,23
129680,H. Mananga Mbock,23
179401,S. Delaye,20
126758,D. Huiberts,22
287916,R. van den Berg,18
1651,K. Piątek,27
31370,J. Segre,25
41413,Paulo Sérgio Mota,31
19146,K. Bartley,31
6185,Iván Javier Rossi,29
85772,J. Le Douaron,24
19719,J. Bree,25
2280,Azpilicueta,33
37421,D. Abels,25
1779,Nikolay Rasskazov,24
53660,João Natailton Ramos dos Santos,34
106727,Oriol Rey,24
46940,E. Burgos,30
2187,Francisco Sol Ortiz,30
47385,Sergio Álvarez,30
46768,Ager Aketxe,29
20742,J. Mombris,35
123060,Ramón Juan,23
179075,Aitor Córdoba,27
178146,C. Boukhalfa,23
87938,A. Yildirim,27
25089,S. Breitkreuz,30
48790,J. Elvedi,26
8960,M. Besuschkow,25
19259,N. Baker,31
1412,James Alexander Lawrence,30
19260,J. Dasilva,24
19597,N. Wells,32
25127,Rico Benatelli,30
20876,Baptiste Bruno Patrick Aloé,28
278497,Bruno Henrique Marques Torres,23
21694,N. Aguerd,26
10011,Fernando Augusto de Castro Ribeiro,25
23112,D. Bansais,28
41139,Arsénio Martins Lafuerte Nunes,33
206361,Issouf Sissokho,20
276132,A. Wam,20
30795,Samir,28
2300,Anton Chichkan,27
21428,Baptiste Valette,30
17941,Jake  Carroll,31
43116,Filip Mrzljak,29
68469,Dean Cornelius,21
22001,Thomas Fontaine,31
36973,D. Schmidt,30
43517,Vladislav Kamilov,27
37049,A. Bangura,23
19494,Moritz Bauer,30
46731,P. Estupiñán,24
53548,O. Ivanov,36
18802,E. Capoue,34
43458,Dmitri Kabutov,30
37960,S. Sylla,23
166,J. Foyth,24
1784,Mikhail Ignatov,22
314,Albiol,37
53668,Evgeni Markov,28
108474,L. Kilian,23
56287,A. Di Pardo,23
37874,S. Horemans,24
291333,J. Eijgenraam,20
35503,J. Macías,23
31159,Riccardo Brosco,31
1448,S. Mustafi,30
31480,Luca Crecco,27
47464,Campaña,29
32,D. Godín,36
174881,M. Mbow,22
128274,A. Valério,23
24880,B. Jatta,24
24015,J. Chougrani,31
30553,C. Lykogiannis,29
20861,L. Fomba,24
200,Gabriele Zappa,23
648,Anthony Racioppi,24
21499,L. Deaux,34
24820,S. Schonlau,28
24021,F. David,30
39073,J. Hauge,23
49875,Z. Touré,33
147831,A. Kalimuendo-Muinga,20
959,R. Assalé,29
56906,T. Awua,24
47545,G. Kakuta,31
7343,D. Schnegg,24
56633,Camillo Tavernelli,23
61278,Mamadou Tounkara,26
45109,P. Pawlett,31
90669,H. Çiftçi,24
25462,J. Zimmer,29
262815,Matheo Raab,24
18810,Andre Anthony Gray,31
26078,M. Wunderlich,36
45307,L. Dykes,27
47318,Jon Bautista,27
56318,F. Caligara,22
47376,Asier Riesgo,39
44811,S. McKenna,26
45209,Jack McMillan,25
70351,Marcel Büchel,31
7196,Thomas Turner,24
127280,Denis Makarov,24
104841,Josep Señé,31
182514,Juan Antonio,26
18973,S. March,28
19364,N. Maupay,26
30860,V. Regini,32
25379,G. Haraguchi,31
1798,Frederik Riis Rønnow,30
24789,Rafael Czichos,32
53725,Yuri Dyupin,34
1864,Pedro Neto,22
18939,K. Ramsay,22
18833,Lucas Pérez,34
38,Alberto Rodríguez,25
45071,Harrison Theodore Paton,24
2922,L. Dendoncker,27
19150,M. Holgate,26
46889,Aitor García,28
295903,Damián Cáceres Rodríguez,19
18758,S. Coleman,34
20143,Regan  Evans Charles-Cook,25
2107,Z. Vanheusden,23
30824,E. Capradossi,26
26228,S. Mamba,28
25114,M. Schubert,24
47103,David Morillas,36
272729,D. Huisman,20
30427,C. Okoli,21
84128,Y. Gboho,21
7389,T. Schriebl,24
31614,M. Castagnetti,33
7548,S. Gölles,31
37149,S. van Beek,28
8671,K. Appin,24
2806,F. Schär,31
46666,Roberto Torres,33
137301,Alexander William Cochrane,22
7529,G. Trauner,30
2299,Pedro,35
119745,Álex Corredera,26
47396,Kike,33
26238,R. Koch,26
24825,P. Klement,30
962,Jean-Pierre Nsame,29
19126,S. Dallas,31
7582,L. Fadinger,22
127025,G. Quagliata,22
19399,Fernando Martín Forestieri,32
21483,M. Caillard,28
37,N. Pérez,22
22236,Rafael Leão,23
36780,F. Heerkens,33
37224,L. Owusu,26
30989,A. Barberis,29
6056,N. Domínguez,24
1408,S. Bornauw,23
20159,T. Eaves,30
36789,D. Crowley,25
1302,J. Wind,23
179400,M. Estève,20
53,Á. Correa,27
614,C. Bravo,39
926,G. Kondogbia,29
43489,Kirill Kolesnichenko,22
157912,B. Traoré,21
41412,Nikola Maraš,27
53653,Vladimir Rykov,35
53635,Andrey Egorychev,29
47285,Unai López,27
1565,Edgar González,25
21439,J. Ferri,30
18842,M. Sakho,32
732,Luca Zinedine Zidane,24
736,Fran García,23
122657,R. Nteka,25
19093,J. Egan,30
20884,S. Niakaté,23
19294,J. Robinson,29
18592,I. Ndiaye,22
158121,I. Jakobs,23
905,Fred,29
107,S. Diop,22
95,B. Badiashile,21
19007,J. Hoilett,32
19505,T. Ince,30
17476,T. Walker,26
19998,Jordan Shipley,25
25608,H. Behrens,32
19603,T. Holmes,22
19521,M. Morrison,34
138816,I. Maatsen,20
30815,K. Lasagna,30
19987,D. Hyam,27
88457,B. Sheaf,24
3165,Y. Atal,26
240,P. Rosario,25
25066,M. Leitsch,24
26257,F. Niederlechner,32
20929,Denis-Will Poha,25
53625,V. Haroyan,30
37000,M. Dembélé,23
162058,Víctor Chust,22
22149,I. Sangaré,25
228,A. Obispo,23
21324,K. Schur,32
21579,K. Kaïboué,24
323581,I. Hamache,19
25117,D. Đumić,30
37241,C. Benschop,33
46919,César de la Hoz López,30
138809,Arnau Puigmal Martínez,21
145467,Harrison Sharp,21
47061,Jorge Pombo,28
355,E. Jirka,25
46863,Jimmy Suárez,26
19890,R. James,29
17697,R. Wintle,25
18990,G. Cunningham,31
19455,B. Potts,28
19452,R. Ledson,25
932,D. Wass,33
2778,K. Ịheanachọ,26
41201,Marco André Rocha Pereira,35
41441,Jorge Filipe Oliveira Fernandes,25
25819,F. Pick,27
1467,A. Lacazette,31
127634,João Ferreira,21
41498,Tiago Rafael Maia da Silva,29
20807,Antoine Léautey,26
41355,Rúben Fernandes,36
33794,Kanya Fujimoto,23
61245,R. Boženík,23
980,S. Schreck,23
24207,S. Diarra,24
17431,Chukwuemeka Ademola Amachi Aneke,29
19842,L. Taylor,32
47004,Fabio González,25
47111,Benito Ramírez,27
20625,V. Le Goff,33
20627,H. Mendes,24
2443,Y. Osorio,28
135749,Félix Correia,21
1031,Igor Silva,26
25106,J. Strauß,26
182519,Alberto Moleiro,19
116820,Hugo Fraile Martín,35
20622,Danijel Petković,29
110153,T. Arokodare,22
111386,A. Sanyang,23
85732,D. Trichard,27
19250,B. Brahimi,22
43283,Gabriel Cristian Iancu,28
46939,Carlos Bellvís Llorens,37
2198,S. Doumbia,26
61366,Désiré Segbé-Azankpo,29
47161,José Carlos Ramírez Suárez,26
3341,M. Fofana,24
43502,Dmitri Tsypchenko,23
2971,Fidel Escobar Mendieta,27
20858,M. Barreto,31
20925,V. Marchetti,25
31091,Camillo Ciano,32
24279,M. Chahiri,26
15745,M. Rasmussen,23
130423,B. Gilmour,21
20869,S. Chergui,23
51044,Christian Ramírez,31
90599,M. Bernauer,24
85369,Gaëtan Laura,27
40774,P. Płacheta,24
20941,I. Diallo,25
23129,M. Name,27
20970,T. Campanini,24
30813,Sandro,33
263480,Giacomo Olzer,21
31135,Aleš Matějů,26
41730,Romário Manuel Silva Baró,22
20936,B. Leroy,33
41992,Daniel Alexis Leite Figueira,24
7103,L. Katnik,33
120242,F. Joppi,33
1123,Scott Brown,37
25303,J. Schmid,32
31334,Luca Garritano,28
122669,Gorka Larrucea Arrien,29
46717,Álvaro Peña Herrero,31
1748,L. Coulibaly,26
37647,Kaj de Rooij,22
46764,Brian Oliván,28
135884,M. Azarkan,21
44904,Drey Jermaine Wright,27
143,Carles Aleñá,24
47453,Toño,33
10097,Éderson,23
30836,G. Maggiore,24
31092,D. Ciofani,37
53523,Konstantin Pliev,26
46677,Víctor Díaz,34
19027,N. Kebano,30
37268,Adrián Dalmau,28
46941,Unai Elgezabal,29
46689,Antonio Puertas,30
47559,Roberto Santamaría Cipriain,37
41536,José Uilton Silva de Jesus,30
56309,Matteo Cotali,25
278260,Jeimes Menezes de Almeida,21
106713,Jasper Moon,22
50907,Osvaldo Nicolás Fabián Gaitán,34
14405,M. Uzuni,27
6000,L. Martínez,26
53542,Zoran Nižić,33
31743,A. La Mantia,31
25324,M. Rashica,26
147835,A. Omobamidele,20
83831,I. Kebbal,24
31079,Francesco Filippo Zampano,29
22000,T. Foket,28
25,M. Reus,33
275776,K. Asllani,20
30448,J. Sala,31
20363,Toby Peter Sibbick,23
47440,Brais Méndez,25
41160,Hélder José Castro Ferreira,25
25187,D. Linsmayer,31
24882,O. Mangala,24
25343,P. Pekarík,36
658,H. Aouar,24
41179,Matheus Reis de Lima,27
45199,Greg Kiltie,25
9369,Welinton Júnior Ferreira dos Santos,29
22164,C. Hérelle,30
63968,Óscar Eduardo Estupiñán Vallesilla,26
41360,Pedro Miguel Cunha Sá,29
46759,A. Espino,30
21390,B. Zungu,30
37280,Glenn Bijl,27
1108,D. Boyata,32
19143,S. Johnstone,29
9380,Jóbson de Brito Gonzaga,28
92975,F. de Keijzer,22
46825,K. Bare,25
158053,A. Azhil,21
12494,Rafael Martins,33
2955,S. Khaoui,27
37451,M. Deijl,25
24810,Jhon Andrés Córdoba Copete,29
321449,Irakli Manelov,20
578,Adel Taarabt,33
8630,Babacar Niasse Mbaye,26
262845,Eduardo Filipe Quaresma Vieira Coimbra Simões,20
37833,P. Rommens,25
26305,S. Ascacíbar,25
37651,J. Idzes,22
2599,Kento Hashimoto,29
2452,Tomás Eduardo Rincón Hernández,34
19750,J. Shea,31
101812,Juan Manuel Boselli Graf,23
25260,G. Nauber,30
146020,Jefferson Fernando Isídio,25
1157,K. Laimer,25
41967,Pedro Miguel Santos Amador,24
165713,José Manuel Hernando Riol,24
3000,B. Bereszyński,30
19779,A. Davies,30
9663,Mateus Pasinato,30
25458,D. Lukébakio,25
20781,M. Perez,31
36980,M. Thorsby,26
296667,Gavi,18
25194,F. Schleusener,31
191240,M. Senaya,21
163055,O. Denham,20
44862,Peter Haring,29
725,R. Hack,24
47278,Dani Vivian,23
50878,F. Pogba,32
101814,R. Araujo,23
22249,A. Ndour,29
931,Ferran Torres,22
128,Jordi Alba,33
20725,J. Lopy,30
25025,F. Klos,35
20542,D. Léon,30
1148,W. Orban,30
129913,M. Watters,23
19359,R. Sawyers,31
25165,J. Green,27
62127,Clésio Palmirim David Baúque,28
287381,S. Lagsir,19
25362,D. Selke,27
24924,J. Hoogma,24
48063,R. Kaib,25
21012,H. Sakhi,26
30940,Ryder Matos Santos Pinto,29
37143,L. Geertruida,22
21773,R. Sergio,35
19771,J. Collins,32
20061,J. Thompson,25
399,A. Nübel,26
126757,L. Brassier,23
272460,Q. Merlin,20
20664,E. Ba,29
30428,J. Palomino,32
2807,R. Freuler,30
37266,Mohammed Osman,28
2493,L. Muriel,31
7578,G. Mensah,24
18728,Justin Ikechukwu Obiora Amaluzor,26
651,Marcelo Antônio Guedes Filho,35
20741,P. Gibaud,34
1910,M. Lopez,25
20600,R. Perraud,25
41324,Ricardo Luís Chaby Mangas,24
30461,G. Defrel,31
18935,A. McCarthy,33
162265,W. Omari,22
37923,A. Meijers,35
22259,S. Prcić,29
37431,A. Auassar,36
1830,Gonçalo Paciência,28
18806,W. Hughes,27
53585,Đorđe Despotović,30
47845,B. Šabović,24
19409,J. de Wijs,27
19293,Tobias Figueiredo,28
2461,S. Rondón,33
18957,M. Obafemi,22
76456,S. Sebai,29
1267,Y. Benrahou,23
17816,Jordan Roy Tillson,29
1103,H. Wolf,23
1455,A. Iwobi,26
116117,M. Caicedo,21
182261,Alberto Rodríguez,30
133729,T. Noslin,23
47409,D. Siovas,34
2165,V. Mykolenko,23
46982,Gonzalo Villar,24
577,A. Samaris,33
131538,Son,28
19016,C. Chambers,27
3005,T. Cionek,36
7755,David Cancola,26
30520,C. Adjapong,24
47250,D. Dakonam,31
181908,J. Thielmann,20
612,E. Ponce,25
47340,P. Piatti,33
20696,P. Gueye,23
182473,Gaspar Campos,22
1902,D. Ćaleta-Car,26
30408,Gerson,25
127011,Andrea Cambiaso,22
21047,Aboubakary Kanté,28
46827,Adrián  González Morales,34
30771,Domenico Criscito,36
47466,Arturo Molina,26
56918,Giuseppe Borello,23
25192,Kevin Behrens,31
25452,N. Gießelmann,31
67973,Iké Dominique Ugbo,24
21451,R. Ripart,29
268960,Arsen Zakharyan,19
59,Álvaro Morata,30
30533,M. Locatelli,24
19586,E. Eze,24
45103,Ian Andrew Harkes,27
44910,Trevor Carson,34
18843,J. Schlupp,30
53740,G. Ondoua,27
57012,F. Maistro,24
20422,Nicholas Devlin,29
91422,R. Bellanova,22
19029,K. McDonald,34
30595,Mirko Eramo,33
44849,Stéphane Richi Oméonga,26
22095,R. Hamouma,35
1439,Bellerín,27
20833,L. Leroy,22
25639,L. Stindl,34
22084,Gabriel Silva,31
47351,Álex Domínguez,24
46711,Febas,26
53535,E. Shomurodov,27
47202,Javi Lara,37
22086,T. Kolodziejczak,31
8634,Rocky Bushiri Kisonga,23
2939,C. Wilson,30
18896,Javi Manquillo,28
18894,J. Lascelles,29
24949,H. Veerman,31
18397,Jack Taylor,24
1353,T. Arslan,32
19134,P. Bamford,29
20521,T. Delaine,30
68128,Jason Paul Knight,21
19139,T. Roberts,23
136823,Davo,28
127619,J. Schöppner,23
37122,M. Bero,27
85558,Louis Mafouta,28
37423,F. Dabo,27
19550,Beni Tangama Baningime,24
19618,Andrew Ferai Rinomhota,25
38755,C. Nunnely,23
47089,Aitor Sanz,38
31719,Mauro Vigorito,32
53618,Y. Godzyur,37
45157,M. Rose,27
47489,Míchel,34
131547,Yuri,40
918,José Gayà,27
25910,Gaëtan Bussmann,31
19595,Mathieu James Smith,33
124,J. Cillessen,33
19231,G. Friend,35
21106,Antonio Mance,27
49,T. Partey,29
149,I. Rakitić,34
175,E. Dier,28
352500,Lawrence Agyekum,19
25213,Jonatan Kotzke,32
1136,Leigh Griffiths,32
63475,Bruno Duarte da Silva,26
162714,A. Onana,21
792,J. Kluivert,23
41149,Luís Rafael Soares Alves,27
260869,M. Neuberger,22
47229,Fali Jiménez,29
37179,N. Gavory,27
73868,R. Pepi,19
174815,J. Moutachy,25
13645,Oscar David Barreto Pérez,29
36989,M. van Bergen,23
31169,Federico Casarini,33
21140,I. Cissé,26
287652,Jon Magunacelaya,21
19396,Liam Darren Shaw,21
17365,H. Toffolo,27
182602,Julen Lobete,22
41451,Juan Antonio Delgado Baeza,29
1647,Emanuele Torrasi,23
22134,K. Amian,24
20871,Billy Ketkeophomphone,32
41525,Mohamed Lamine Diaby,26
31642,L. Ranieri,23
134217,Mohammad Mohebi,24
41526,Luíz Carlos,37
24278,N. Bruneel,25
31136,Simone Romagnoli,32
3428,J. Ayew,31
19348,M. Odubajo,29
21251,A. Abdallah,25
26249,J. Haberer,28
124149,E. Lomotey,25
283117,Darren Watson,19
44952,Craig Sibbald,27
278095,J. Rowe,19
74,S. Amrabat,26
107943,Jon Irazábal Iraurgui,26
18914,B. Gibson,29
137129,A. Aouchiche,20
35575,Édgar Méndez,32
2622,A. Semenov,33
47353,Sivera,26
19908,Dylan McGeouch,29
1638,G. Bonaventura,33
2203,M. Zeffane,30
570,F. Cervi,28
31996,Giuseppe Sibilli,26
864,E. Can,28
263689,M. Huskovic,19
115,M. Sylla,23
126884,F. Michel,30
162266,L. Da Cunha,21
3384,J. Dossou,30
56835,Jacopo Pietro Murano,32
19,Julian Weigl,27
127817,P. Hincapié,20
39121,Chidera Ejuke,24
30444,O. Colley,30
128398,Oihan Sancet,22
41625,Renat Dadaşov,23
38708,G. Kastaneer,26
93926,F. Bambock,27
11026,A. Belmonte,27
277303,Z. El Sheiwi,18
264511,K. Bauernfeind,20
35667,Nahuel Lautaro Bustos,24
538,F. de Jong,25
25160,H. Sarpei,24
45132,Shaun Antony Rooney,26
2743,A. Gersbach,25
12583,J. Mulenga,38
717,K. Demirbay,29
44908,M. O&apos;Halloran,31
25905,F. Müller,25
30463,F. Quagliarella,39
18181,T. Sang,23
203224,F. Wirtz,19
1760,Glenn Bell Dollar Middleton,22
53517,Dennis Hadžikadunić,24
19466,A. Bell,28
18925,A. Lennon,35
24032,U. Bonnet,29
48022,D. Irandust,24
19160,J. Livermore,33
22235,J. Bamba,26
19802,J. Brown,24
231078,T. Gardner-Hickman,21
41300,Jubal,29
1117,Kieran Tierney,25
18974,J. Molumby,23
31237,G. Crociata,25
19546,C. Kipre,26
2769,S. Ajayi,29
20971,A. Coeff,30
33108,Fabricio,32
44965,Alexandros Gogić,28
44788,Jordan Jones,28
90649,K. Jakob,24
19322,M. van der Hoorn,30
9287,Lucas Queiroz Canteiro,22
196187,A. Seidu,22
129125,S. Adewoye,22
19046,T. Smith,30
30798,H. ter Avest,25
326068,K. Doumbia,19
20870,R. Dugimont,36
2773,W. Troost-Ekong,29
18797,C. Kabasele,31
20770,N. Sissoko,25
20534,C. Sabaly,23
24140,S. Lambese,27
21553,Rosario Latouchent,26
20909,Abdelhamid El Kaoutari,32
53534,Aleksandr Zuev,26
46817,Diego González,27
18849,J. McArthur,35
45062,Keith Watson,33
2474,I. Marcone,32
192,Dalbert Henrique,29
47413,Recio,31
119742,Juan Iglesias,24
327775,Jacques Dago,23
30750,Përparim Hetemaj,36
162011,A. Cortinovis,21
30997,Niccolò Zanellato,24
18963,L. Dunk,31
47307,Zaldúa,30
47299,Gorosabel,26
47322,Martín Merquelanz,27
1094,D. Samassékou,26
21570,N. Cozza,23
41552,P. Ciss,28
298127,Mamadi Camará,19
48399,Ákos Kecskés,26
778,B. Cristante,27
53650,Aleksey Kozlov,36
8737,Francesco Forte,29
97594,Aleksey Gerasimov,29
20037,L. Boyce,31
69268,Aaron McEneff,27
47137,Alberto Escassi,33
6629,A. Gaich,23
26335,A. Ouahim,25
6610,M. Senesi,25
18941,M. Targett,27
43056,V. Mihăilă,22
242,Ryan Jared Thomas,28
2598,R. Dōan,24
126900,Rui Filipe da Cunha Correia,27
37305,M. de Leeuw,36
47041,Alberto Perea,32
19023,T. Ream,35
277166,Bernardo Maria Morais Cardoso Vital,22
31233,Alessio Sabbione,31
31680,F. Di Tacchio,32
20110,S. Baptiste,24
278408,M. Adeline,19
203468,D. Lopy,20
37236,A. Matusiwa,24
22004,Moreto Cassamá,24
127426,Pol Lozano,23
41211,Anderson de Carvalho Santos,32
53550,Evgeni Kharin,27
2699,S. Ghoddos,29
8492,A. Sørloth,27
1649,P. Cutrone,24
19025,T. Cairney,31
19408,R. Burke,26
63449,Leonardo Acevedo Ruiz,26
19502,Joseph Michael Allen,32
129055,Cristo,22
21007,Y. Kaabouni,27
31151,Alfredo Donnarumma,32
37181,R. Strieder,30
17359,James Dominic Brown,24
19767,P. Mpanzu,28
25142,Marius Funk,26
43036,Dennis Man,24
47418,Mikel Vesga,29
41356,Lucas Possignolo,28
282054,C. Riedel,19
26743,Omri Altman,28
231029,N. Tella,23
53918,Oday Ibrahim Mohammad Dabbagh,24
161935,Tiago Filipe Alves Araújo,21
159179,Luís Miguel Castelo Santos,22
51123,Reginald Jacob Cannon,24
47338,Álex López,25
47532,Abdoulaye Ba,31
17491,Nathan McGinley,26
1276,S. Kalu,25
25052,Yannick Stark,32
48013,J. Ojala,33
41627,Kenji Joel Gorré,28
25537,A. Diawusie,24
138777,F. Anjorin,21
19214,D. Holmes,28
163471,J. van Mullem,23
38127,M. Breij,25
47225,Brugui,26
8611,M. Heylen,28
2775,Mikel Ndubusi Agu,29
17660,T. Parkes,30
117087,Cristóbal Márquez Crespo,38
30573,Leonardo Pavoletti,34
854,M. Cáceres,35
25388,H. Weydandt,27
326,Allan,31
21449,C. Dépres,28
20667,C. Boli,24
634,David Silva,36
47576,Melero,28
31025,Luca Rigoni,38
39354,Artem Sokol,25
158644,M. Beier,20
21572,Ambroise Oyongo Bitolo,31
115618,R. Gadzhimuradov,24
56322,Andrea Vallocchia,26
31613,R. Boultam,24
1580,William Carvalho,30
45004,P. McGinn,32
47040,Alfredo Ortuño,31
17942,H. Coulson,24
886,Diogo Dalot,23
18,J. Sancho,22
1298,R. Skov,26
161640,Jack Stretton,21
23126,M. Gueye,24
19443,B. Barker,26
47455,Luna,31
30922,D. Faraoni,31
122612,Berto Cayarga,26
1836,F. Acerbi,34
1859,Luis Alberto,30
46665,Iñigo Pérez,34
18891,C. Clark,33
129048,J. Bosch,22
21573,B. Passi,25
20804,B. Doukansy,23
1014,Simon Solomon Junior Sohm,21
161879,K. Koindredi,21
162781,S. Benchamma,22
20639,F. Lemoine,35
19444,Tom Barkhuizen,29
20091,C. Evans,34
1939,J. Piotrowski,25
919,Hugo Guillamón,22
46056,J. Nišić,24
4412,Zakaria Naidji,27
1452,Mohamed Elneny,30
20405,Rúben Barcelos de Sousa Lameiras,28
2211,Nicolas Janvier,24
25191,E. Zenga,29
25223,Fatih Kaya,23
20888,L. Dos Santos,29
47343,Alfa Semedo Esteves,25
158433,Sphephelo S'Miso Sithole,23
30707,Simone Benedetti,30
30474,F. Mattiello,27
355092,Andrea Filipi,19
20038,Devante Lavon Andrew Cole,27
403,M. Nastasić,29
632,C. Gomes,22
30981,R. Marchizza,24
30723,M. Marin,24
20577,Yohan Tavares,34
41127,Pedro Nuno Fernandes Ferreira,27
70317,Antonio Moyano Carrasquilla,22
31246,Davide Marsura,28
146644,Alioune Ndour,21
47421,Guido Marcelo Carrillo,31
2954,W. Kechrida,27
182636,Javi López,20
48506,M. Angha,28
47063,Alberto Soro,23
1706,C. Bacca,36
31050,F. Veseli,30
47365,Pina,35
25128,Erich  Berko,28
2785,Hjörtur Hermannsson,27
47388,G. Escalante,29
47067,Marc Gual Huguet,26
31369,A. Schiavone,29
31389,N. Gyömbér,30
6233,N. Tenaglia,26
7641,M. Kuster,28
92973,M. Pabai,22
37839,R. Oratmangoen,24
144732,T. Doyle,21
44903,D. Wotherspoon,32
202755,T. Breithaupt,20
30812,I. Pussetto,27
19485,B. Brereton,23
141858,Mohamed Aidara,26
41969,Bruno Ricardo Valdez Wilson,26
28474,Tamás Kiss,22
19275,K. Smith,31
25911,G. Donati,32
30806,M. D&apos;Alessandro,31
24815,C. Antwi-Adjei,28
19072,T. Cantwell,24
7649,D. Nemeth,21
20697,V. Lekhal,28
182167,Adrián Butzke,23
7418,D. Peham,30
48904,S. Palla,33
129794,Matchoi Bobó Djaló,19
41728,Paulo Estrela Moreira Alves,23
41366,Bruno Miguel Carapeto Reis,23
201700,Wilinton Aponza Carabali,22
19002,J. Murphy,27
25121,J. Müller,28
53607,P. Mogilevets,28
130292,Timur Suleymanov,22
43353,Igor Gorbunov,28
20203,T. Lockyer,28
19190,H. Lansbury,32
141528,Rafael Vicente Ferreira Santos,25
282721,André Filipe Sousa Dias Pedro Lopes,21
163090,João Manuel Silva Monteiro,21
281149,Henrique Ribeiro Pires,20
127554,Eduardo de Sousa Santos,23
279445,Álvaro Raul Sofrimento Ramalho,23
294770,António Luís Cavaco Silva Sá Montez,21
123731,Dopanga Loockman Trova Boni,23
