id,name,type,country_name,country_code
39,Premier League,League,England,GB
40,Championship,League,England,GB
140,La Liga,League,Spain,ES
141,Segunda Division,League,Spain,ES
78,Bundesliga 1,League,Germany,DE
79,Bundesliga 2,League,Germany,DE
135,Serie A,League,Italy,IT
136,Serie B,League,Italy,IT
61,Ligue 1,League,France,FR
62,Ligue 2,League,France,FR
94,Primeira Liga,League,Portugal,PT
88,Eredivisie,League,Netherlands,NL
219,Erste Liga,League,Austria,AT
179,Premiership,League,Scotland,GB
235,Premier League,League,Russia,RU
