﻿fixture id with no data,league_id,league_name,country_name
862066,62,Ligue 2,France
862298,62,Ligue 2,France
717925,219,Erste Liga,Austria
717926,219,Erste Liga,Austria
717927,219,Erste Liga,Austria
717928,219,Erste Liga,Austria
717929,219,Erste Liga,Austria
717930,219,Erste Liga,Austria
717932,219,Erste Liga,Austria
717934,219,Erste Liga,Austria
717935,219,Erste Liga,Austria
717936,219,Erste Liga,Austria
717937,219,Erste Liga,Austria
717938,219,Erste Liga,Austria
717939,219,Erste Liga,Austria
717940,219,Erste Liga,Austria
717941,219,Erste Liga,Austria
717942,219,Erste Liga,Austria
717943,219,Erste Liga,Austria
717944,219,Erste Liga,Austria
717945,219,Erste Liga,Austria
717947,219,Erste Liga,Austria
717948,219,Erste Liga,Austria
717950,219,Erste Liga,Austria
717951,219,Erste Liga,Austria
717952,219,Erste Liga,Austria
717953,219,Erste Liga,Austria
717954,219,Erste Liga,Austria
717955,219,Erste Liga,Austria
717956,219,Erste Liga,Austria
717958,219,Erste Liga,Austria
717959,219,Erste Liga,Austria
717960,219,Erste Liga,Austria
717961,219,Erste Liga,Austria
717962,219,Erste Liga,Austria
717963,219,Erste Liga,Austria
717964,219,Erste Liga,Austria
717966,219,Erste Liga,Austria
717967,219,Erste Liga,Austria
717968,219,Erste Liga,Austria
717969,219,Erste Liga,Austria
717970,219,Erste Liga,Austria
717971,219,Erste Liga,Austria
717972,219,Erste Liga,Austria
717974,219,Erste Liga,Austria
717975,219,Erste Liga,Austria
717976,219,Erste Liga,Austria
717977,219,Erste Liga,Austria
717978,219,Erste Liga,Austria
717979,219,Erste Liga,Austria
717980,219,Erste Liga,Austria
717981,219,Erste Liga,Austria
717983,219,Erste Liga,Austria
717984,219,Erste Liga,Austria
717985,219,Erste Liga,Austria
717986,219,Erste Liga,Austria
717987,219,Erste Liga,Austria
717988,219,Erste Liga,Austria
717990,219,Erste Liga,Austria
717991,219,Erste Liga,Austria
717992,219,Erste Liga,Austria
717993,219,Erste Liga,Austria
717994,219,Erste Liga,Austria
717995,219,Erste Liga,Austria
717996,219,Erste Liga,Austria
717997,219,Erste Liga,Austria
717998,219,Erste Liga,Austria
717999,219,Erste Liga,Austria
718000,219,Erste Liga,Austria
718002,219,Erste Liga,Austria
718003,219,Erste Liga,Austria
718004,219,Erste Liga,Austria
718006,219,Erste Liga,Austria
718007,219,Erste Liga,Austria
718008,219,Erste Liga,Austria
718009,219,Erste Liga,Austria
718010,219,Erste Liga,Austria
718011,219,Erste Liga,Austria
718012,219,Erste Liga,Austria
718013,219,Erste Liga,Austria
718014,219,Erste Liga,Austria
718015,219,Erste Liga,Austria
718016,219,Erste Liga,Austria
718017,219,Erste Liga,Austria
718019,219,Erste Liga,Austria
718020,219,Erste Liga,Austria
718022,219,Erste Liga,Austria
718023,219,Erste Liga,Austria
718024,219,Erste Liga,Austria
718025,219,Erste Liga,Austria
718026,219,Erste Liga,Austria
718027,219,Erste Liga,Austria
718028,219,Erste Liga,Austria
718030,219,Erste Liga,Austria
718031,219,Erste Liga,Austria
718032,219,Erste Liga,Austria
718033,219,Erste Liga,Austria
718034,219,Erste Liga,Austria
718035,219,Erste Liga,Austria
718036,219,Erste Liga,Austria
718037,219,Erste Liga,Austria
718038,219,Erste Liga,Austria
718039,219,Erste Liga,Austria
718040,219,Erste Liga,Austria
718041,219,Erste Liga,Austria
718042,219,Erste Liga,Austria
718044,219,Erste Liga,Austria
718046,219,Erste Liga,Austria
718047,219,Erste Liga,Austria
718048,219,Erste Liga,Austria
718049,219,Erste Liga,Austria
718050,219,Erste Liga,Austria
718051,219,Erste Liga,Austria
718052,219,Erste Liga,Austria
718053,219,Erste Liga,Austria
718054,219,Erste Liga,Austria
718055,219,Erste Liga,Austria
718056,219,Erste Liga,Austria
718057,219,Erste Liga,Austria
718058,219,Erste Liga,Austria
718059,219,Erste Liga,Austria
718062,219,Erste Liga,Austria
718063,219,Erste Liga,Austria
718064,219,Erste Liga,Austria
718065,219,Erste Liga,Austria
718066,219,Erste Liga,Austria
718067,219,Erste Liga,Austria
718068,219,Erste Liga,Austria
718069,219,Erste Liga,Austria
718071,219,Erste Liga,Austria
718072,219,Erste Liga,Austria
718073,219,Erste Liga,Austria
718074,219,Erste Liga,Austria
718075,219,Erste Liga,Austria
718076,219,Erste Liga,Austria
718077,219,Erste Liga,Austria
718078,219,Erste Liga,Austria
718080,219,Erste Liga,Austria
718081,219,Erste Liga,Austria
718082,219,Erste Liga,Austria
718083,219,Erste Liga,Austria
718084,219,Erste Liga,Austria
718085,219,Erste Liga,Austria
718086,219,Erste Liga,Austria
718088,219,Erste Liga,Austria
718089,219,Erste Liga,Austria
718090,219,Erste Liga,Austria
718091,219,Erste Liga,Austria
718092,219,Erste Liga,Austria
718093,219,Erste Liga,Austria
718094,219,Erste Liga,Austria
718095,219,Erste Liga,Austria
718096,219,Erste Liga,Austria
718097,219,Erste Liga,Austria
718098,219,Erste Liga,Austria
718099,219,Erste Liga,Austria
718102,219,Erste Liga,Austria
718103,219,Erste Liga,Austria
718104,219,Erste Liga,Austria
718105,219,Erste Liga,Austria
718106,219,Erste Liga,Austria
718107,219,Erste Liga,Austria
718108,219,Erste Liga,Austria
718109,219,Erste Liga,Austria
718110,219,Erste Liga,Austria
718111,219,Erste Liga,Austria
718112,219,Erste Liga,Austria
718113,219,Erste Liga,Austria
718115,219,Erste Liga,Austria
718116,219,Erste Liga,Austria
718118,219,Erste Liga,Austria
718119,219,Erste Liga,Austria
718120,219,Erste Liga,Austria
718121,219,Erste Liga,Austria
718122,219,Erste Liga,Austria
718123,219,Erste Liga,Austria
718124,219,Erste Liga,Austria
718125,219,Erste Liga,Austria
718126,219,Erste Liga,Austria
718127,219,Erste Liga,Austria
718128,219,Erste Liga,Austria
718130,219,Erste Liga,Austria
718131,219,Erste Liga,Austria
718132,219,Erste Liga,Austria
718134,219,Erste Liga,Austria
718135,219,Erste Liga,Austria
718136,219,Erste Liga,Austria
718137,219,Erste Liga,Austria
718138,219,Erste Liga,Austria
718139,219,Erste Liga,Austria
718140,219,Erste Liga,Austria
718141,219,Erste Liga,Austria
718142,219,Erste Liga,Austria
718144,219,Erste Liga,Austria
718145,219,Erste Liga,Austria
718146,219,Erste Liga,Austria
718147,219,Erste Liga,Austria
718148,219,Erste Liga,Austria
718149,219,Erste Liga,Austria
718150,219,Erste Liga,Austria
718151,219,Erste Liga,Austria
718152,219,Erste Liga,Austria
718154,219,Erste Liga,Austria
718155,219,Erste Liga,Austria
718156,219,Erste Liga,Austria
718158,219,Erste Liga,Austria
718159,219,Erste Liga,Austria
718160,219,Erste Liga,Austria
718161,219,Erste Liga,Austria
718162,219,Erste Liga,Austria
718163,219,Erste Liga,Austria
718164,219,Erste Liga,Austria
860847,179,Premiership,Scotland
860848,179,Premiership,Scotland
861284,179,Premiership,Scotland
861285,179,Premiership,Scotland
861998,179,Premiership,Scotland
861999,179,Premiership,Scotland
