﻿team_id,team_name,league_id,season,rank
50,Manchester City,39,2021,1
40,Liverpool,39,2021,2
49,Chelsea,39,2021,3
47,Tottenham,39,2021,4
42,Arsenal,39,2021,5
33,Manchester United,39,2021,6
48,West Ham,39,2021,7
46,Leicester,39,2021,8
51,Brighton,39,2021,9
39,Wolves,39,2021,10
34,Newcastle,39,2021,11
52,Crystal Palace,39,2021,12
55,Brentford,39,2021,13
66,Aston Villa,39,2021,14
41,Southampton,39,2021,15
45,Everton,39,2021,16
63,Leeds,39,2021,17
44,Burnley,39,2021,18
38,Watford,39,2021,19
71,Norwich,39,2021,20
36,Fulham,40,2021,1
35,Bournemouth,40,2021,2
37,Huddersfield,40,2021,3
65,Nottingham Forest,40,2021,4
62,Sheffield Utd,40,2021,5
1359,Luton,40,2021,6
70,Middlesbrough,40,2021,7
67,Blackburn,40,2021,8
58,Millwall,40,2021,9
60,West Brom,40,2021,10
72,QPR,40,2021,11
1346,Coventry,40,2021,12
59,Preston,40,2021,13
75,Stoke City,40,2021,14
76,Swansea,40,2021,15
1356,Blackpool,40,2021,16
56,Bristol City,40,2021,17
43,Cardiff,40,2021,18
64,Hull City,40,2021,19
54,Birmingham,40,2021,20
53,Reading,40,2021,21
1350,Peterborough,40,2021,22
69,Derby,40,2021,23
747,Barnsley,40,2021,24
541,Real Madrid,140,2021,1
529,Barcelona,140,2021,2
530,Atletico Madrid,140,2021,3
536,Sevilla,140,2021,4
543,Real Betis,140,2021,5
548,Real Sociedad,140,2021,6
533,Villarreal,140,2021,7
531,Athletic Club,140,2021,8
532,Valencia,140,2021,9
727,Osasuna,140,2021,10
538,Celta Vigo,140,2021,11
728,Rayo Vallecano,140,2021,12
797,Elche,140,2021,13
540,Espanyol,140,2021,14
546,Getafe,140,2021,15
798,Mallorca,140,2021,16
724,Cadiz,140,2021,17
715,Granada CF,140,2021,18
539,Levante,140,2021,19
542,Alaves,140,2021,20
723,Almeria,141,2021,1
720,Valladolid,141,2021,2
545,Eibar,141,2021,3
534,Las Palmas,141,2021,4
719,Tenerife,141,2021,5
547,Girona,141,2021,6
718,Oviedo,141,2021,7
4907,Ponferradina,141,2021,8
5262,FC Cartagena,141,2021,9
732,Zaragoza,141,2021,10
9580,Burgos,141,2021,11
537,Leganes,141,2021,12
726,Huesca,141,2021,13
799,Mirandes,141,2021,14
9390,Ibiza,141,2021,15
716,Lugo,141,2021,16
731,Sporting Gijon,141,2021,17
535,Malaga,141,2021,18
9380,Amorebieta,141,2021,19
9585,Real Sociedad II,141,2021,20
4906,Fuenlabrada,141,2021,21
711,Alcorcon,141,2021,22
157,Bayern Munich,78,2021,1
165,Borussia Dortmund,78,2021,2
168,Bayer Leverkusen,78,2021,3
173,RB Leipzig,78,2021,4
182,Union Berlin,78,2021,5
160,SC Freiburg,78,2021,6
192,FC Koln,78,2021,7
164,FSV Mainz 05,78,2021,8
167,1899 Hoffenheim,78,2021,9
163,Borussia Monchengladbach,78,2021,10
169,Eintracht Frankfurt,78,2021,11
161,VfL Wolfsburg,78,2021,12
176,VfL BOCHUM,78,2021,13
170,FC Augsburg,78,2021,14
172,VfB Stuttgart,78,2021,15
159,Hertha Berlin,78,2021,16
188,Arminia Bielefeld,78,2021,17
178,SpVgg Greuther Furth,78,2021,18
174,FC Schalke 04,79,2021,1
162,Werder Bremen,79,2021,2
175,Hamburger SV,79,2021,3
181,SV Darmstadt 98,79,2021,4
186,FC St. Pauli,79,2021,5
180,FC Heidenheim,79,2021,6
185,SC Paderborn 07,79,2021,7
171,FC Nurnberg,79,2021,8
191,Holstein Kiel,79,2021,9
158,Fortuna Dusseldorf,79,2021,10
166,Hannover 96,79,2021,11
785,Karlsruher SC,79,2021,12
1321,Hansa Rostock,79,2021,13
189,SV Sandhausen,79,2021,14
177,Jahn Regensburg,79,2021,15
183,Dynamo Dresden,79,2021,16
190,Erzgebirge AUE,79,2021,17
184,FC Ingolstadt 04,79,2021,18
489,AC Milan,135,2021,1
505,Inter,135,2021,2
492,Napoli,135,2021,3
496,Juventus,135,2021,4
487,Lazio,135,2021,5
497,AS Roma,135,2021,6
502,Fiorentina,135,2021,7
499,Atalanta,135,2021,8
504,Verona,135,2021,9
503,Torino,135,2021,10
488,Sassuolo,135,2021,11
494,Udinese,135,2021,12
500,Bologna,135,2021,13
511,Empoli,135,2021,14
498,Sampdoria,135,2021,15
515,Spezia,135,2021,16
514,Salernitana,135,2021,17
490,Cagliari,135,2021,18
495,Genoa,135,2021,19
517,Venezia,135,2021,20
867,Lecce,136,2021,1
520,Cremonese,136,2021,2
801,Pisa,136,2021,3
1579,Monza,136,2021,4
518,Brescia,136,2021,5
507,Ascoli,136,2021,6
506,Benevento,136,2021,7
524,Perugia,136,2021,8
512,Frosinone,136,2021,9
516,Ternana,136,2021,10
510,Cittadella,136,2021,11
523,Parma,136,2021,12
895,como,136,2021,13
1692,Reggina,136,2021,14
493,Spal,136,2021,15
10137,Nuova Cosenza,136,2021,16
1584,Vicenza Virtus,136,2021,17
878,Alessandria,136,2021,18
501,Crotone,136,2021,19
862,Pordenone,136,2021,20
85,Paris Saint Germain,61,2021,1
81,Marseille,61,2021,2
91,Monaco,61,2021,3
94,Rennes,61,2021,4
84,Nice,61,2021,5
95,Strasbourg,61,2021,6
116,Lens,61,2021,7
80,Lyon,61,2021,8
83,Nantes,61,2021,9
79,Lille,61,2021,10
106,Stade Brestois 29,61,2021,11
93,Reims,61,2021,12
82,Montpellier,61,2021,13
77,Angers,61,2021,14
110,Estac Troyes,61,2021,15
97,Lorient,61,2021,16
99,Clermont Foot,61,2021,17
1063,Saint Etienne,61,2021,18
112,Metz,61,2021,19
78,Bordeaux,61,2021,20
96,Toulouse,62,2021,1
98,Ajaccio,62,2021,2
108,Auxerre,62,2021,3
114,Paris FC,62,2021,4
115,Sochaux,62,2021,5
90,Guingamp,62,2021,6
88,Caen,62,2021,7
111,LE Havre,62,2021,8
92,Nimes,62,2021,9
1297,PAU,62,2021,10
89,Dijon,62,2021,11
1305,Bastia,62,2021,12
113,Niort,62,2021,13
87,Amiens,62,2021,14
101,Grenoble,62,2021,15
105,Valenciennes,62,2021,16
1301,Rodez,62,2021,17
431,Quevilly,62,2021,18
1304,Dunkerque,62,2021,19
102,Nancy,62,2021,20
212,FC Porto,94,2021,1
228,Sporting CP,94,2021,2
211,Benfica,94,2021,3
217,SC Braga,94,2021,4
762,GIL Vicente,94,2021,5
224,Guimaraes,94,2021,6
227,Santa Clara,94,2021,7
242,Famalicao,94,2021,8
230,Estoril,94,2021,9
214,Maritimo,94,2021,10
234,Pacos Ferreira,94,2021,11
222,Boavista,94,2021,12
216,Portimonense,94,2021,13
810,Vizela,94,2021,14
240,Arouca,94,2021,15
215,Moreirense,94,2021,16
218,Tondela,94,2021,17
221,Belenenses,94,2021,18
194,Ajax,88,2021,1
197,PSV Eindhoven,88,2021,2
209,Feyenoord,88,2021,3
415,Twente,88,2021,4
201,AZ Alkmaar,88,2021,5
200,Vitesse,88,2021,6
207,Utrecht,88,2021,7
210,Heerenveen,88,2021,8
420,Cambuur,88,2021,9
417,Waalwijk,88,2021,10
413,NEC Nijmegen,88,2021,11
202,Groningen,88,2021,12
410,GO Ahead Eagles,88,2021,13
426,Sparta Rotterdam,88,2021,14
205,Fortuna Sittard,88,2021,15
206,Heracles,88,2021,16
195,Willem II,88,2021,17
193,PEC Zwolle,88,2021,18
1399,Austria Lustenau,219,2021,1
1395,Floridsdorfer AC,219,2021,2
1394,FC BW Linz,219,2021,3
1402,SV Lafnitz,219,2021,4
1404,SKU Amstetten,219,2021,5
1400,FC Liefering,219,2021,6
4256,Grazer AK,219,2021,7
1027,SKN ST. Polten,219,2021,8
1073,Wacker Innsbruck,219,2021,9
1406,SK Vorwarts Steyr,219,2021,10
8247,Rapid Wien II,219,2021,11
1401,SV Kapfenberg,219,2021,12
1397,SV Horn,219,2021,13
2860,Austria Vienna (Am),219,2021,14
1403,Lask Juniors Linz,219,2021,15
4255,Dornbirn,219,2021,16
247,Celtic,179,2021,1
257,Rangers,179,2021,2
254,Heart OF Midlothian,179,2021,3
1386,Dundee Utd,179,2021,4
902,Ross County,179,2021,5
256,Motherwell,179,2021,6
249,Hibernian,179,2021,7
255,Livingston,179,2021,8
252,Aberdeen,179,2021,9
251,ST Mirren,179,2021,10
258,ST Johnstone,179,2021,11
253,Dundee,179,2021,12
596,Zenit Saint Petersburg,235,2021,1
2012,PFC Sochi,235,2021,2
1088,Dinamo Moscow,235,2021,3
621,Krasnodar,235,2021,4
555,CSKA Moscow,235,2021,5
597,Lokomotiv Moscow,235,2021,6
1085,Akhmat Grozny,235,2021,7
1079,Krylya Sovetov,235,2021,8
779,FC Rostov,235,2021,9
558,Spartak Moscow,235,2021,10
2011,Nizhny Novgorod,235,2021,11
1084,Ural,235,2021,12
1994,Khimki,235,2021,13
1078,FC UFA,235,2021,14
1083,Rubin,235,2021,15
1077,Arsenal Tula,235,2021,16
