﻿player_id,player_name,date,type,new_team_id,new_team_name
18907,Joselu,2022-07-01,Free,540,Espanyol
31354,G. Vicario,2022-07-01,€ 8.5M,511,Empoli
25004,S. Ortega Moreno,2022-07-01,Free,50,Manchester City
19619,J. Swift,2022-07-01,Free,60,West Brom
10497,Lincoln,2022-06-17,€ 3.5M,611,Fenerbahce
53742,G. Agalarov,2022-07-14,€ 3.5M,1085,Akhmat Grozny
47291,Gorka Guruzeta,2022-07-03,Free,531,Athletic Club
9072,M. Marić,2022-07-01,N/A,1579,Monza
31735,T. Haye,2022-01-31,Free,210,Heerenveen
44905,Callum David Hendry,2022-07-01,Free,1844,Salford City
10476,Paulo Victor de Mileo Vidotti,2022-03-03,N/A,2934,Al-Ettifaq
122428,Kings Kangwa,2022-07-01,€ 800K,598,FK Crvena Zvezda
37460,L. Brouwers,2022-07-01,Free,207,Utrecht
45172,A. Forrest,2022-07-01,Free,254,Heart OF Midlothian
44814,L. Ferguson,2022-07-12,3.7M,500,Bologna
52,Sergio Camello,2022-07-01,N/A,530,Atletico Madrid
162453,L. Chevalier,2022-07-01,N/A,79,Lille
105474,V. Musliu,2022-01-19,N/A,184,FC Ingolstadt 04
31692,Milan Đurić,2022-07-01,Free,504,Verona
37246,J. Blaswich,2022-07-01,Free,173,RB Leipzig
47467,Morales,2022-07-01,Free,533,Villarreal
46934,Dani Jiménez,2022-01-31,N/A,537,Leganes
36968,W. Hahn,2022-02-09,Free,366,IFK Goteborg
143648,M. Okoye,2022-07-01,N/A,38,Watford
1470,Luís Maximiano,2022-07-13,€ 11.2M,487,Lazio
37749,J. Veerman,2022-01-04,N/A,197,PSV Eindhoven
26560,Kevin  Broll,2022-07-04,Free,340,Gornik Zabrze
46698,Caro,2022-07-13,Free,9580,Burgos
94732,José Jurado,2022-07-03,Free,719,Tenerife
36927,Z. Flemming,2022-07-01,€ 2.5M,58,Millwall
2090,D. Utkin,2022-07-01,€ 3M,779,FC Rostov
30460,G. Caprari,2022-07-05,€ 5M,504,Verona
97699,Y. Zhuravlev,2022-07-01,€ 800K,1085,Akhmat Grozny
2279,E. Ampadu,2022-07-01,N/A,49,Chelsea
53705,A. Nikitin,2022-07-01,€ 300K,1994,Khimki
84259,E. Ntim,2022-07-01,N/A,88,Caen
36936,L. Thy,2022-07-01,N/A,193,PEC Zwolle
179,Moussa Sissoko,2022-07-01,€ 2M,83,Nantes
67972,C. Gallagher,2022-07-01,N/A,49,Chelsea
32172,N. Contini,2022-07-01,N/A,492,Napoli
18746,M. Gibbs-White,2022-07-01,N/A,39,Wolves
22093,R. Cabella,2022-07-10,Free,79,Lille
47327,Diego López Rodríguez,2022-07-02,Free,728,Rayo Vallecano
84082,R. Faivre,2022-01-31,€ 15M,80,Lyon
17767,D. Cornell,2022-07-01,Free,59,Preston
136117,Rodrigo Riquelme,2022-07-01,N/A,530,Atletico Madrid
24760,G. Mamardashvili,2022-01-08,€ 850K,532,Valencia
20919,A. Bassi,2022-07-01,N/A,112,Metz
86,L. Openda,2022-07-06,€ 9.8M,116,Lens
19611,L. Baker,2022-01-15,N/A,75,Stoke City
36776,Timon Janis Wellenreuther,2022-07-01,N/A,554,Anderlecht
19081,T. Trybull,2022-01-31,N/A,189,SV Sandhausen
83824,Mickaël Christophe Biron,2022-07-01,N/A,624,Oostende
47404,V. Kravets,2022-07-01,N/A,537,Leganes
204043,Arthur Nicolas Theate,2022-07-01,N/A,624,Oostende
45220,B. Spittal,2022-07-01,N/A,256,Motherwell
30794,S. Perisan,2022-07-01,N/A,511,Empoli
6409,N. Estévez,2022-07-01,N/A,523,Parma
93064,M. de Wit,2022-07-01,Free,201,AZ Alkmaar
1775,S. Gigot,2022-07-01,N/A,81,Marseille
26287,P. Hofmann,2022-07-01,Free,176,VfL BOCHUM
70335,D. Levitt,2022-07-07,N/A,1386,Dundee Utd
19218,T. Lawrence,2022-07-08,Free,257,Rangers
25036,M. Franke,2022-07-01,N/A,785,Karlsruher SC
19572,M. Ingram,2022-05-18,N/A,64,Hull City
26254,C. Daferner,2022-07-01,€ 1M,171,FC Nurnberg
6236,A. Cubas,2022-04-28,N/A,1603,Vancouver Whitecaps
8793,T. Henry,2022-07-16,Free,504,Verona
30618,G. Di Chiara,2022-07-01,N/A,524,Perugia
1271,A. Tchouaméni,2022-07-01,€ 80M,541,Real Madrid
41188,André Silva,2022-07-15,N/A,224,Guimaraes
19467,D. Lenihan,2022-07-01,Free,70,Middlesbrough
25270,L. Fröde,2022-07-01,N/A,1321,Hansa Rostock
21653,M. Tchokounté,2022-07-01,Free,92,Nimes
31339,L. Palmiero,2022-07-01,N/A,492,Napoli
23121,Q. Daubin,2022-07-01,N/A,88,Caen
1261,Sergi Palencia,2022-07-01,Free,1063,Saint Etienne
31122,G. Lunetta,2022-07-01,N/A,499,Atalanta
31094,A. Pinamonti,2022-07-01,N/A,505,Inter
162889,Ricard Sánchez,2022-07-01,N/A,715,Granada CF
22244,A. Caci,2022-07-01,Free,164,FSV Mainz 05
22102,W. Khazri,2022-07-01,Free,82,Montpellier
37260,B. van Hintum,2022-07-01,Free,193,PEC Zwolle
21142,Mateo Pavlović,2022-07-01,N/A,561,HNK Rijeka
56449,G. Caso,2022-07-01,N/A,495,Genoa
44812,G. Shinnie,2022-01-17,N/A,61,Wigan
24288,M. Bayo,2022-07-13,€ 13M,79,Lille
19808,C. Woodrow,2022-06-21,N/A,1359,Luton
36932,Y. Namli,2022-07-11,Free,426,Sparta Rotterdam
21150,V. Pajot,2022-07-06,Free,3012,Annecy
19083,C. Morris,2022-07-06,N/A,1359,Luton
525,K. Lamprou,2022-07-12,N/A,195,Willem II
128987,S. Samed,2022-07-01,€ 5M,116,Lens
21446,A. Bobichon,2022-07-01,N/A,77,Angers
96324,Mohamed Bouldini,2022-07-01,N/A,4906,Fuenlabrada
21450,B. Guillaume,2022-07-01,Free,90,Guingamp
24826,S. Michel,2022-01-31,€ 2.5M,182,Union Berlin
20674,S. Banza,2022-07-01,N/A,116,Lens
5923,M. Cassierra,2022-07-01,€ 4.5M,596,Zenit Saint Petersburg
47448,Aitor Fernández,2022-07-02,N/A,727,Osasuna
19199,K. Roos,2022-07-01,Free,252,Aberdeen
24881,M. Köhlert,2022-06-21,Free,210,Heerenveen
20258,R. Allsop,2022-07-01,Free,43,Cardiff
31553,C. Falletti,2022-07-01,N/A,500,Bologna
1100,E. Haaland,2022-07-01,€ 75M,50,Manchester City
126936,Samuel Lino,2022-07-08,6.5M,530,Atletico Madrid
30415,D. Vlahović,2022-01-28,€ 81.6M,496,Juventus
1445,K. Mavropanos,2022-07-01,€ 3.2M,172,VfB Stuttgart
30971,G. Gori,2022-07-01,N/A,502,Fiorentina
25155,T. Mohr,2022-07-01,€ 1M,174,FC Schalke 04
19804,K. Moore,2022-01-31,N/A,35,Bournemouth
44909,T. Watt,2022-01-17,N/A,1386,Dundee Utd
70570,J. Larrivey,2022-02-03,N/A,10137,Nuova Cosenza
1496,Raphinha,2022-07-15,€ 58M,529,Barcelona
10135,Bruno Guimarães,2022-01-30,€ 50M,34,Newcastle
18932,Fraser Gerard Forster,2022-06-10,Free,47,Tottenham
20451,J. Alnwick,2022-07-01,Free,43,Cardiff
22157,W. Benítez,2022-06-21,Free,197,PSV Eindhoven
129673,S. Bajić,2022-07-05,Free,56,Bristol City
47199,Y. Bodiger,2022-07-01,Free,715,Granada CF
21137,A. Mandréa,2022-07-01,N/A,88,Caen
41311,Gustavo Sauer,2022-04-12,N/A,120,Botafogo
30414,G. Simeone,2022-07-01,€ 10.5M,504,Verona
31219,A. Zerbin,2022-07-01,N/A,492,Napoli
36888,T. Ouwejan,2022-07-01,N/A,174,FC Schalke 04
351,Goran Čaušić,2022-07-01,N/A,2780,Buriram United
44865,J. Souttar,2022-07-01,Free,257,Rangers
126642,P. Wimmer,2022-07-01,N/A,161,VfL Wolfsburg
19559,K. Naismith,2022-07-01,Free,56,Bristol City
41523,Pedrinho,2022-06-17,N/A,1010,Ankaragucu
131,Jorge Cuenca,2022-07-01,N/A,533,Villarreal
128365,Gaizka Larrazabal,2022-07-01,N/A,732,Zaragoza
30542,J. Odgaard,2022-06-24,N/A,201,AZ Alkmaar
39034,Andreas Christopher Linde,2022-01-10,N/A,178,SpVgg Greuther Furth
37892,D. Eckert,2022-07-01,N/A,1393,Union St. Gilloise
125073,Koldo Obieta,2022-07-01,Free,335,Miedz Legnica
19082,Mario Vrančić,2022-07-01,Loan,561,HNK Rijeka
232,N. Viergever,2022-07-01,Free,207,Utrecht
895,J. Garner,2022-07-01,N/A,33,Manchester United
25297,M. Gregoritsch,2022-07-08,N/A,160,SC Freiburg
2118,R. Marin,2022-07-05,Loan,511,Empoli
47529,Miguel Morro,2022-07-01,N/A,728,Rayo Vallecano
31637,Michele Camporese,2022-07-01,N/A,862,Pordenone
41223,Guilherme Schettine,2022-07-01,N/A,217,SC Braga
25111,Pascal Testroet,2022-07-01,N/A,184,FC Ingolstadt 04
50048,V. Muriqi,2022-07-01,N/A,487,Lazio
2413,Richarlison,2022-07-01,€ 58M,47,Tottenham
21628,B. Samba,2022-07-05,€ 5M,116,Lens
18968,Y. Bissouma,2022-06-17,€ 29.2M,47,Tottenham
30980,Vladimir Golemić,2022-02-01,Free,501,Crotone
46721,Eugeni Valderrama,2022-01-27,Free,732,Zaragoza
106725,Keane William Lewis-Potter,2022-07-12,€ 6.5M,55,Brentford
36922,S. van den Berg,2022-07-01,N/A,40,Liverpool
25011,A. Pieper,2022-07-01,Free,162,Werder Bremen
32862,T. Kubo,2022-07-01,N/A,541,Real Madrid
46743,Salva Sevilla,2022-07-01,Free,542,Alaves
37116,J. Clarke-Salter,2022-07-01,Free,72,QPR
31664,A. Micai,2022-07-01,N/A,514,Salernitana
22169,W. Cyprien,2022-07-01,N/A,523,Parma
125726,F. Bilbija,2022-07-01,N/A,175,Hamburger SV
25161,P. Seguin,2022-07-01,Free,182,Union Berlin
69243,J. McGrath,2022-01-31,N/A,61,Wigan
21386,I. Gomis,2022-07-01,N/A,87,Amiens
40407,Salvador Agra,2022-07-01,Free,222,Boavista
55904,D. Ballard,2022-07-01,€ 2.3M,746,Sunderland
46871,Dani Martín,2022-07-01,N/A,543,Real Betis
24267,A. Maraval,2022-07-01,Free,92,Nimes
69418,Conor McCarthy,2022-07-01,Free,747,Barnsley
146048,Tomás Ribeiro,2022-01-27,Free,1013,Grasshoppers
36865,M. Meulensteen,2022-07-01,N/A,200,Vitesse
25355,A. Maier,2022-07-01,€ 5M,170,FC Augsburg
30413,M. Pjaca,2022-07-01,N/A,496,Juventus
20583,C. Martins,2022-07-01,€ 6.4M,558,Spartak Moscow
66261,N. Komlichenko,2022-07-09,€ 1.5M,779,FC Rostov
17450,J. Grant,2022-07-01,N/A,254,Heart OF Midlothian
3032,B. Afobe,2022-06-28,N/A,58,Millwall
191229,B. Brahimi,2022-07-01,N/A,88,Caen
18828,R. Snodgrass,2022-02-25,Free,1359,Luton
19774,J. Cummings,2022-01-29,Free,941,Central Coast Mariners
25401,L. Itter,2022-07-01,€ 300K,178,SpVgg Greuther Furth
30633,Raúl Asencio,2022-01-20,Free,867,Lecce
36900,Adam Maher,2022-07-11,N/A,2956,Dhamk
65342,M. Konaté,2022-04-30,N/A,1085,Akhmat Grozny
44736,Cryzan,2022-04-06,N/A,844,Shandong Luneng
84081,G. Biancone,2022-07-03,€ 10M,65,Nottingham Forest
1927,Neto Borges,2022-06-17,N/A,99,Clermont Foot
2936,J. Tarkowski,2022-07-01,N/A,45,Everton
50044,Mustafa Saymak,2022-06-17,Free,3584,Bandırmaspor
31021,A. Grassi,2022-07-01,N/A,523,Parma
204039,D. Udogie,2022-07-01,€ 4M,494,Udinese
1652,F. Tsadjout,2022-07-15,N/A,520,Cremonese
384,M. Loum,2022-07-01,N/A,212,FC Porto
30994,S. Molina,2022-01-05,N/A,1579,Monza
31672,V. Mantovani,2022-07-01,N/A,514,Salernitana
19130,K. Phillips,2022-07-04,N/A,50,Manchester City
57016,C. Gondo,2022-01-30,N/A,520,Cremonese
30484,M. Svanberg,2022-07-16,€ 9M,161,VfL Wolfsburg
31003,S. Nwankwo,2022-07-01,N/A,514,Salernitana
43221,D. Fabbrini,2022-07-01,N/A,507,Ascoli
22097,A. Nordin,2022-07-01,Free,82,Montpellier
30663,D. Diaw,2022-07-01,N/A,1579,Monza
25329,M. Kruse,2022-01-30,€ 5M,161,VfL Wolfsburg
26301,M. Kempf,2022-01-25,N/A,159,Hertha Berlin
47582,J. Hernández,2022-06-21,N/A,1613,Columbus Crew
8601,Frantzdy Pierrot,2022-07-01,N/A,4195,Maccabi Haifa
24830,B. Zolinski,2022-07-01,N/A,745,FC Kaiserslautern
14519,Vitali Lisakovich,2022-01-21,€ 1.2M,1083,Rubin
2080,Viktor Johan Anton Claesson,2022-04-02,N/A,400,FC Copenhagen
36887,J. Kramer,2022-07-01,N/A,413,NEC Nijmegen
37180,S. Gustafson,2022-07-15,N/A,367,BK Hacken
47279,Iñigo Córdoba,2022-07-01,N/A,531,Athletic Club
1371,Y. Benzia,2022-07-01,N/A,89,Dijon
7131,Ronivaldo,2022-06-09,Free,1394,FC BW Linz
18911,N. Pope,2022-06-23,N/A,34,Newcastle
37132,M. Dauda,2022-07-01,N/A,554,Anderlecht
81996,A. Fisher,2022-01-11,N/A,76,Swansea
24861,S. Polter,2022-07-01,€ 1.5M,174,FC Schalke 04
47293,Iñigo Vicente,2022-07-14,Free,4665,Racing Santander
31560,S. Moreo,2022-07-01,N/A,511,Empoli
19053,A. Sabiri,2022-07-01,N/A,507,Ascoli
30642,A. Paleari,2022-07-01,N/A,495,Genoa
2762,J. Brekalo,2022-07-01,N/A,161,VfL Wolfsburg
20692,H. Abdelli,2022-07-01,Free,77,Angers
6935,S. Singh,2022-07-01,N/A,157,Bayern Munich
1732,A. Badji,2022-07-02,N/A,87,Amiens
25383,F. Muslija,2022-01-03,Free,185,SC Paderborn 07
19312,S. Benda,2022-07-01,N/A,76,Swansea
37131,O. Darfalou,2022-07-01,N/A,200,Vitesse
36982,M. Vlap,2022-07-04,Free,415,Twente
20648,I. Sissoko,2022-07-01,Free,115,Sochaux
45083,B. Siegrist,2022-07-01,N/A,247,Celtic
31562,G. Puşcaş,2022-07-01,N/A,53,Reading
20754,Y. M&apos;Changama,2022-06-17,Free,108,Auxerre
25358,J. Dilrosun,2022-07-11,N/A,209,Feyenoord
31153,E. Torregrossa,2022-07-01,N/A,498,Sampdoria
18753,Adama Traoré,2022-07-01,N/A,39,Wolves
41371,Fali Candé,2022-01-26,N/A,112,Metz
47056,Íñigo Eguaras,2022-01-21,N/A,723,Almeria
7554,Michael Sollbauer,2022-06-09,Free,781,Rapid Vienna
421,B. Embolo,2022-07-15,€ 12.5M,91,Monaco
19903,G. Honeyman,2022-06-28,N/A,58,Millwall
30875,M. Valoti,2022-07-01,N/A,493,Spal
46795,Domingos Sousa Coutinho Meneses Duarte,2022-07-11,N/A,546,Getafe
37114,Alexander Büttner,2022-07-01,Free,199,De Graafschap
107153,Kike Pérez,2022-07-01,N/A,720,Valladolid
85914,J. Le Cardinal,2022-07-01,N/A,114,Paris FC
19125,M. Bogusz,2022-07-01,N/A,63,Leeds
30810,R. Mandragora,2022-07-04,€ 8.2M,502,Fiorentina
48473,Dejan Stojanovic,2022-07-01,N/A,177,Jahn Regensburg
25206,P. Neumann,2022-07-01,N/A,166,Hannover 96
876,N. Fagioli,2022-07-01,N/A,496,Juventus
268341,F. Gatti,2022-07-01,N/A,496,Juventus
45054,Liam Vaughan Henry Fontaine,2022-07-09,Free,6766,Edinburgh City
19173,M. Šarkić,2022-01-06,N/A,39,Wolves
47580,Álex Gallar,2022-07-15,Free,535,Malaga
37157,Tonny Emílio Trindade de Vilhena,2022-01-17,Loan,540,Espanyol
44877,U. Ikpeazu,2022-07-01,N/A,70,Middlesbrough
81573,Omar Marmoush,2022-07-01,N/A,161,VfL Wolfsburg
19172,Ø. Nyland,2022-03-10,Free,53,Reading
420,Guido Burgstaller,2022-06-18,Free,781,Rapid Vienna
22007,H. Kamara,2022-01-04,€ 4M,38,Watford
45090,R. Graham,2022-01-05,N/A,1386,Dundee Utd
30644,D. Adorni,2022-02-01,N/A,518,Brescia
11346,Matías Ezequiel Dituro,2022-07-01,N/A,2994,U. Catolica
2979,J. Rodríguez,2022-07-01,N/A,542,Alaves
768,Federico Julián Fazio,2022-01-29,Free,514,Salernitana
125743,Beto,2022-07-01,€ 7M,494,Udinese
37253,Mats Knoester,2022-07-01,Free,651,Ferencvarosi TC
53600,F. Uremović,2022-07-01,Free,159,Hertha Berlin
30960,Tomasz Mateusz Kupisz,2022-07-01,N/A,862,Pordenone
138806,B. Williams,2022-07-01,N/A,33,Manchester United
31489,G. Brugman,2022-07-06,N/A,1605,Los Angeles Galaxy
64315,Josh Mulligan,2022-01-17,N/A,253,Dundee
15664,Emmersón,2022-07-01,Free,1084,Ural
37834,Bryan George Jeffrey Smeets,2022-05-18,N/A,6224,RWDM
837,K. Kuchaev,2022-07-01,N/A,555,CSKA Moscow
19964,S. Dembélé,2022-01-31,N/A,35,Bournemouth
47143,Fran Villalba,2022-07-01,€ 500K,731,Sporting Gijon
46832,Javi Ontiveros,2022-07-01,N/A,533,Villarreal
19047,J. Bacuna,2022-01-27,N/A,54,Birmingham
19026,L. de la Torre,2022-07-08,€ 2M,538,Celta Vigo
104601,A. Adamov,2022-01-26,€ 5M,596,Zenit Saint Petersburg
87966,K. Wriedt,2022-01-20,€ 500K,191,Holstein Kiel
20809,D. Louiserre,2022-07-01,Free,90,Guingamp
48560,K. Ademi,2022-07-01,N/A,1994,Khimki
41304,Carraça,2022-07-01,N/A,212,FC Porto
162520,Rodrigo Guth,2022-07-01,N/A,499,Atalanta
22146,Manu García,2022-07-01,N/A,731,Sporting Gijon
20901,G. Robail,2022-07-01,N/A,116,Lens
2066,S. Kritsyuk,2022-07-01,Free,762,GIL Vicente
31060,F. Caputo,2022-07-01,N/A,488,Sassuolo
47052,Álex Muñoz,2022-07-08,Free,539,Levante
15881,M. Frendrup,2022-01-30,€ 3.5M,495,Genoa
50030,M. Talbi,2022-07-18,€ 1.5M,97,Lorient
30840,L. Vignali,2022-07-01,N/A,515,Spezia
26292,A. Meyer,2022-07-01,Free,165,Borussia Dortmund
38695,J. van Hecke,2022-07-01,N/A,51,Brighton
53525,M. Normann,2022-07-01,N/A,779,FC Rostov
43500,V. Sarveli,2022-07-01,€ 2.5M,2012,PFC Sochi
30848,D. Okereke,2022-07-01,N/A,569,Club Brugge KV
19522,K. Pedersen,2022-07-01,Free,192,FC Koln
6288,A. Ruiz,2022-01-29,Free,240,Arouca
8551,Rémy Riou,2022-06-11,Free,80,Lyon
31632,A. Noppert,2022-07-01,Free,210,Heerenveen
130262,Afonso Sousa,2022-07-01,N/A,347,Lech Poznan
1206,Igor Smolnikov,2022-07-16,Free,3985,Torpedo Moskva
53690,A. Zinkovskiy,2022-07-01,€ 3.2M,558,Spartak Moscow
19483,Richard Smallwood,2022-07-01,Free,1343,Bradford
1315,Petar Stojanović,2022-07-01,N/A,620,Dinamo Zagreb
30442,Vid Belec,2022-07-01,N/A,2247,Apoel Nicosia
25196,F. Buntić,2022-07-03,Free,810,Vizela
1332,M. Šitum,2022-07-01,N/A,1692,Reggina
53676,Maksim Karpov,2022-02-11,Free,6815,Metallurg Lipetsk
22150,K. Sidibé,2022-07-01,N/A,96,Toulouse
24238,K. Rocheteau,2022-07-01,N/A,113,Niort
26302,Pablo Maffeo,2022-07-01,€ 3M,798,Mallorca
18944,Maya Yoshida,2022-07-05,Free,174,FC Schalke 04
18952,Charlie Austin,2022-06-27,N/A,947,Brisbane Roar
152953,Levi  Lemar Samuels Colwill,2022-07-01,N/A,49,Chelsea
31504,M. Marras,2022-07-01,N/A,508,Bari
44871,A. Hickey,2022-07-09,€ 22M,55,Brentford
55396,D. O&apos;Shaughnessy,2022-01-01,Free,785,Karlsruher SC
18759,Philip Nikodem Jagielka,2022-01-15,Free,75,Stoke City
25224,Stefan Kutschke,2022-07-01,Free,183,Dynamo Dresden
45128,J. Mccart,2022-06-27,Free,73,Rotherham
31727,B. Meccariello,2022-01-06,N/A,493,Spal
26352,S. Mai,2022-07-01,Free,187,MSV Duisburg
31402,F. Ranocchia,2022-07-01,N/A,496,Juventus
2603,S. Nakajima,2022-07-01,N/A,212,FC Porto
20959,M. Tramoni,2022-07-01,N/A,490,Cagliari
31098,F. Ravaglia,2022-07-01,N/A,500,Bologna
30937,M. Zaccagni,2022-07-01,€ 7.1M,487,Lazio
84055,K. Bamba,2022-07-01,N/A,83,Nantes
21695,M. Alphonse,2022-07-01,N/A,98,Ajaccio
66055,P. Musa,2022-07-01,N/A,211,Benfica
575,Florentino Luís,2022-07-01,N/A,211,Benfica
25090,M. Cacutalua,2022-07-01,N/A,179,FC Magdeburg
21233,A. Zedadka,2022-07-01,Free,79,Lille
1457,H. Mkhitaryan,2022-07-01,Free,505,Inter
47495,Sergi Guardiola,2022-07-01,N/A,720,Valladolid
36999,W. Dammers,2022-07-01,N/A,202,Groningen
19493,D. Batth,2022-01-18,Free,746,Sunderland
80566,Rodrigão,2022-07-06,€ 3.5M,596,Zenit Saint Petersburg
41093,Pablo,2022-07-01,N/A,217,SC Braga
30514,V. Millico,2022-07-01,N/A,503,Torino
152669,D. Yongwa,2022-07-01,N/A,97,Lorient
3379,C. Hountondji,2022-07-18,N/A,77,Angers
8598,T. Awoniyi,2022-06-25,€ 20.5M,65,Nottingham Forest
44914,L. Donnelly,2022-07-05,Free,250,Kilmarnock
97879,D. Glass,2022-06-01,N/A,1386,Dundee Utd
194833,Romal Palmer,2022-07-01,Free,994,Goztepe
26243,N. Schlotterbeck,2022-07-01,€ 20M,165,Borussia Dortmund
53537,Vitali Gudiev,2022-07-11,Free,1994,Khimki
25007,C. Brunner,2022-07-07,Free,174,FC Schalke 04
19674,William Robert Vaulks,2022-07-01,Free,74,Sheffield Wednesday
153411,C. Drameh,2022-07-01,N/A,63,Leeds
48497,C. Itten,2022-07-01,N/A,565,BSC Young Boys
184277,Fer Niño,2022-07-01,N/A,533,Villarreal
26140,P. Owusu,2022-07-01,N/A,177,Jahn Regensburg
1265,Y. Adli,2022-07-01,N/A,489,AC Milan
19482,J. Rothwell,2022-07-01,Free,35,Bournemouth
31526,Davide Gavazzi,2022-01-01,N/A,862,Pordenone
37183,Joris van Overeem,2022-07-01,Free,604,Maccabi Tel Aviv
147,Philippe Coutinho,2022-06-10,€ 20M,66,Aston Villa
107140,Oier Luengo,2022-07-04,N/A,718,Oviedo
19230,A. Flint,2022-07-01,Free,75,Stoke City
31396,M. Carraro,2022-07-01,N/A,499,Atalanta
47369,Paulino,2022-06-20,N/A,2292,Pachuca
128533,J. Leweling,2022-07-01,€ 4M,182,Union Berlin
29720,A. Alipour,2022-07-01,Free,762,GIL Vicente
46725,R. Manaj,2022-07-12,N/A,38,Watford
31008,L. Sepe,2022-01-24,Loan,514,Salernitana
30713,D. Liotti,2022-07-01,N/A,1692,Reggina
47264,Hugo Duro,2022-07-01,€ 4M,532,Valencia
26442,M. Schröter,2022-07-01,€ 100K,1321,Hansa Rostock
129067,Boyd Lucassen,2022-06-09,Free,203,NAC Breda
44790,A. Power,2022-07-01,Free,250,Kilmarnock
181562,Aitor Arregi Arrieta,2022-01-28,N/A,5280,UD Logroñés
278547,Júlio Romão,2022-07-17,Free,556,Qarabag
19442,J. Storey,2022-07-01,N/A,59,Preston
215976,N. Michelis,2022-07-01,N/A,489,AC Milan
162771,J. Ngankam,2022-07-01,N/A,159,Hertha Berlin
45011,C. MacPherson,2022-01-24,N/A,258,ST Johnstone
142,Rafinha,2022-07-01,N/A,85,Paris Saint Germain
25499,F. Kunze,2022-07-01,Free,166,Hannover 96
31436,F. Bonazzoli,2022-07-01,N/A,498,Sampdoria
24795,Lasse Sobiech,2022-07-06,Free,4905,Stellenbosch
2414,Éverton,2022-07-18,€ 13.5M,127,Flamengo
7321,D. Oroz,2022-07-06,Loan,637,Sturm Graz
236955,A. Sarr,2022-01-31,N/A,210,Heerenveen
21104,R. Kolo Muani,2022-07-01,Free,169,Eintracht Frankfurt
46807,Borja Valle Balonga,2022-01-05,Free,711,Alcorcon
8651,S. Essende,2022-07-01,N/A,88,Caen
180758,R. Hatate,2022-01-01,N/A,247,Celtic
1462,L. Torreira,2022-07-01,N/A,42,Arsenal
61971,Jefferson Nogueira Junior,2022-01-28,Free,215,Moreirense
31658,E. Cicerelli,2022-07-01,N/A,487,Lazio
39245,I. Koné,2022-01-31,€ 4M,97,Lorient
154839,Geny Cipriano Catamo,2022-07-01,N/A,228,Sporting CP
47472,Borja Mayoral,2022-07-01,N/A,541,Real Madrid
307,X. Shaqiri,2022-02-09,€ 7.3M,1607,Chicago Fire
21503,Yeni Atito N'Gbakoto,2022-01-31,Free,102,Nancy
55,Borja Garcés,2022-07-01,N/A,530,Atletico Madrid
1762,James Murphy,2022-07-05,Free,258,ST Johnstone
1194,N. Goylo,2022-02-04,Loan,2011,Nizhny Novgorod
51617,D. Núñez,2022-06-14,€ 75M,40,Liverpool
2759,Simon Sluga,2022-01-31,N/A,566,Ludogorets
2915,M. Ginter,2022-07-01,Free,160,SC Freiburg
163156,J. Turi,2022-07-01,N/A,1028,Ried
6913,R. McGree,2022-01-14,€ 3M,70,Middlesbrough
26342,Luca Pfeiffer,2022-07-01,N/A,397,FC Midtjylland
31376,F. Di Mariano,2022-07-01,N/A,517,Venezia
6084,G. Silva,2022-06-14,Free,2291,Puebla
30752,S. Kiyine,2022-07-01,N/A,487,Lazio
48504,Anton Mitryushkin,2022-07-01,Free,1994,Khimki
24854,G. Prömel,2022-07-01,Free,167,1899 Hoffenheim
37167,M. Paes,2022-07-01,€ 1M,1597,FC Dallas
20386,M. Macey,2022-06-22,€ 116K,1359,Luton
31669,T. Casasola,2022-07-01,N/A,487,Lazio
30417,M. Carnesecchi,2022-07-01,N/A,499,Atalanta
37740,E. Schouten,2022-07-01,N/A,195,Willem II
48232,N. Fröling,2022-01-01,Free,1321,Hansa Rostock
859,Paolo Gozzi Iweru,2022-07-01,N/A,1715,Juventus U23
195962,Chiquinho,2022-01-17,N/A,39,Wolves
24994,Hamadi Al Ghaddioui,2022-01-14,N/A,3403,Pafos
1585,Jesé,2022-07-01,Free,1010,Ankaragucu
322979,D. Weixelbraun,2022-07-02,Loan,1404,SKU Amstetten
638,I. Poveda-Ocampo,2022-07-01,N/A,63,Leeds
48196,S. Hakšabanović,2022-07-01,N/A,1083,Rubin
84087,W. Isidor,2022-01-22,€ 3.5M,597,Lokomotiv Moscow
20780,Mathias Lage,2022-06-10,Free,106,Stade Brestois 29
1714,M. Barać,2022-07-01,€ 500K,1079,Krylya Sovetov
1089,J. van der Werff,2022-07-01,N/A,185,SC Paderborn 07
37028,F. Stokkers,2022-06-09,Free,410,GO Ahead Eagles
21434,T. Sainte-Luce,2022-07-01,Free,82,Montpellier
7572,C. Giuliani,2022-07-01,N/A,637,Sturm Graz
38128,M. El Hankouri,2022-07-01,Free,179,FC Magdeburg
334,S. Verdi,2022-07-01,N/A,503,Torino
162773,R. Königsdörffer,2022-07-01,N/A,175,Hamburger SV
271066,R. Šimić,2022-07-01,N/A,571,Red Bull Salzburg
15727,P. Ochs,2022-07-01,N/A,189,SV Sandhausen
13898,Manfred Alonso Ugalde Arce,2022-07-01,N/A,259,Lommel United
38132,K. Sierhuis,2022-07-01,N/A,93,Reims
36920,Y. Nakayama,2022-07-15,Free,37,Huddersfield
24932,F. Becker,2022-07-01,Free,167,1899 Hoffenheim
3394,D. Lamkel Zé,2022-04-01,Loan,112,Metz
25410,J. Guilavogui,2022-07-01,N/A,161,VfL Wolfsburg
25530,D. Kyereh,2022-07-01,4.5M,160,SC Freiburg
56851,M. Folorunsho,2022-07-01,N/A,492,Napoli
22265,Nuno da Costa,2022-07-01,N/A,65,Nottingham Forest
47444,E. Apeh,2022-07-01,N/A,719,Tenerife
9602,Patrick William,2022-07-09,N/A,226,Rio Ave
30833,Alessio Da Cruz,2022-07-12,Free,266,KV Mechelen
327629,T. Lake,2022-07-01,N/A,205,Fortuna Sittard
37382,J. Okita,2022-07-01,Free,783,FC Zurich
2451,J. Murillo,2022-01-09,N/A,2314,Atletico San Luis
174,C. Eriksen,2022-07-15,Free,33,Manchester United
140847,E. Colley,2022-07-01,N/A,499,Atalanta
25081,M. Pantović,2022-07-01,Free,182,Union Berlin
18767,A. Lookman,2022-07-01,N/A,173,RB Leipzig
22222,Z. Çelik,2022-07-05,€ 7M,497,AS Roma
19398,Steven Fletcher,2022-07-07,Free,1386,Dundee Utd
207,Ivan Perišić,2022-06-10,Free,47,Tottenham
20303,J. Laurent,2022-06-21,Free,75,Stoke City
1949,A. Ahmedhodžić,2022-07-06,N/A,62,Sheffield Utd
714,N. Amiri,2022-07-01,N/A,168,Bayer Leverkusen
47256,Miguel Rubio,2022-07-01,N/A,546,Getafe
2478,Darío Ismael Benedetto,2022-01-22,N/A,451,Boca Juniors
24809,L. Schaub,2022-07-01,Free,166,Hannover 96
24827,K. Pröger,2022-07-01,N/A,1321,Hansa Rostock
19607,M. Miazga,2022-07-01,N/A,49,Chelsea
47473,Jason,2022-01-03,Free,542,Alaves
21636,F. Guilbert,2022-07-01,N/A,66,Aston Villa
162502,M. Lotka,2022-07-01,Free,165,Borussia Dortmund
177745,F. Alidou,2022-07-01,Free,169,Eintracht Frankfurt
266839,Z. Rossi,2022-07-01,N/A,35,Bournemouth
755,Jaime Seoane,2022-07-01,N/A,546,Getafe
90977,T. Becker,2022-07-01,N/A,191,Holstein Kiel
30692,F. Nardi,2022-07-01,N/A,520,Cremonese
147797,Antoñín Cortés,2022-07-01,N/A,715,Granada CF
328808,M. Ebiowei,2022-07-01,Free,52,Crystal Palace
46692,Vadillo,2022-07-01,N/A,540,Espanyol
2209,R. Guitane,2022-07-01,N/A,93,Reims
8509,Rai Hendrikus Martinus Vloet,2022-03-25,Free,562,FC Astana
37242,D. Burgzorg,2022-07-01,N/A,164,FSV Mainz 05
25576,O. Hüsing,2022-07-01,Free,188,Arminia Bielefeld
291649,Vanderson,2022-01-01,€ 11M,91,Monaco
25284,Andreas Luthe,2022-07-01,N/A,745,FC Kaiserslautern
51095,A. Elis,2022-07-01,N/A,222,Boavista
19017,Cyrus Sylvester Frederick Christie,2022-07-01,N/A,36,Fulham
18967,L. Østigård,2022-07-18,N/A,492,Napoli
107152,Hugo Rama,2022-01-31,Free,718,Oviedo
25528,M. Dittgen,2022-07-01,Free,184,FC Ingolstadt 04
44809,M. Lowe,2022-07-01,N/A,62,Sheffield Utd
47164,Gerard Valentín,2022-01-28,N/A,726,Huesca
26681,D. Stavropoulos,2022-07-05,Free,3496,Warta Poznań
61178,C. Ronan,2022-05-19,N/A,39,Wolves
19112,Kiko Casilla,2022-07-01,N/A,63,Leeds
50798,O. Okwonkwo,2022-07-01,N/A,500,Bologna
20734,J. Tell,2022-01-31,N/A,101,Grenoble
91503,S. Canestrelli,2022-07-01,N/A,511,Empoli
80538,Alex,2022-07-01,N/A,18937,FC Sevastopol
47427,Iván Villar,2022-07-01,N/A,538,Celta Vigo
31424,Bertrand Yves Baraye,2022-07-01,Free,702,Vojvodina
8777,A. Touba,2022-06-30,N/A,564,Istanbul Basaksehir
30658,F. Proia,2022-07-01,N/A,1584,Vicenza Virtus
53504,D. Khlusevich,2022-01-01,€ 3M,558,Spartak Moscow
31089,L. Valzania,2022-07-01,N/A,499,Atalanta
63393,Artem Polyarus,2022-03-15,Free,3487,Nieciecza
30530,L. Sernicola,2022-07-08,N/A,520,Cremonese
1781,M. Glushenkov,2022-07-01,€ 1.8M,1079,Krylya Sovetov
825,N. Chernov,2022-02-22,N/A,558,Spartak Moscow
19860,M. Clarke,2022-07-01,N/A,51,Brighton
80166,Thiago Galhardo do Nascimento Rocha,2022-07-18,Loan,154,Fortaleza EC
2916,N. Stark,2022-07-01,Free,162,Werder Bremen
48065,Jörgen Joakim Nilsson,2022-07-01,Free,18937,FC Sevastopol
131530,Ismael Casas,2022-07-01,N/A,614,AEK Larnaca
19437,B. Davies,2022-06-01,N/A,40,Liverpool
49888,Y. Yazıcı,2022-07-01,N/A,79,Lille
47433,L. Olaza,2022-07-01,N/A,720,Valladolid
36832,Rafael Ramos,2022-04-08,Free,131,Corinthians
18884,S. Surridge,2022-01-31,N/A,65,Nottingham Forest
25916,M. Niakhaté,2022-07-06,€ 10M,65,Nottingham Forest
30539,F. Di Francesco,2022-07-01,N/A,493,Spal
30827,M. Erlić,2022-07-01,N/A,488,Sassuolo
25313,J. Beste,2022-07-01,€ 350K,180,FC Heidenheim
7409,P. Puchegger,2022-07-01,Free,1023,Admira Wacker
863,R. Bentancur,2022-01-31,€ 19M,47,Tottenham
47573,David Ferreiro,2022-07-04,Free,5262,FC Cartagena
30638,F. Ricci,2022-07-01,N/A,1692,Reggina
37161,L. Sinisterra,2022-07-07,€ 22.5M,63,Leeds
19646,J. Wallace,2022-07-01,Free,60,West Brom
21584,M. Ristić,2022-07-01,Free,211,Benfica
32893,H. Ito,2022-07-01,€ 400K,172,VfB Stuttgart
2724,L. Digne,2022-01-13,€ 30M,66,Aston Villa
1473,Tiago Ilori,2022-07-01,N/A,228,Sporting CP
43656,A. Rudenko,2022-02-18,N/A,1994,Khimki
24931,P. Ziereis,2022-06-11,Free,1026,Lask Linz
1253,Benoît Costil,2022-07-15,Free,108,Auxerre
1904,B. Kamara,2022-06-10,Free,66,Aston Villa
19486,D. Butterworth,2022-07-01,N/A,67,Blackburn
31084,P. Ghiglione,2022-07-17,N/A,520,Cremonese
53500,Z. Bakaev,2022-07-01,Free,596,Zenit Saint Petersburg
85756,S. Quemper,2022-01-10,N/A,90,Guingamp
25461,K. Stöger,2022-07-01,Free,176,VfL BOCHUM
20574,J. Obiang,2022-07-01,N/A,88,Caen
138826,A. Lewis,2022-07-01,N/A,40,Liverpool
31387,N. Falasco,2022-01-13,N/A,507,Ascoli
182219,Álex Baena,2022-07-01,N/A,533,Villarreal
331,L. Insigne,2022-07-07,Free,1601,Toronto FC
751,Jaume Grau,2022-01-19,Free,732,Zaragoza
30405,E. Fernandes,2022-07-01,N/A,164,FSV Mainz 05
30611,L. Montipò,2022-07-01,€ 1M,504,Verona
1847,Luiz Felipe,2022-07-04,Free,543,Real Betis
21438,A. Briançon,2022-07-01,Free,1063,Saint Etienne
63935,G. Ferrarini,2022-07-01,N/A,502,Fiorentina
30979,M. Curado,2022-07-01,N/A,495,Genoa
169,K. Trippier,2022-01-07,€ 16.2M,34,Newcastle
45782,A. Kostić,2022-07-01,Free,1023,Admira Wacker
7153,F. Köchl,2022-01-17,N/A,4256,Grazer AK
41154,Rochinha,2022-07-05,€ 2M,228,Sporting CP
135525,C. Ramsay,2022-06-19,€ 4.9M,40,Liverpool
19253,J. Hugill,2022-06-01,N/A,71,Norwich
2445,M. Villanueva,2022-07-01,Free,224,Guimaraes
32960,H. Morita,2022-07-01,N/A,228,Sporting CP
41104,João Palhinha,2022-07-04,€ 20M,36,Fulham
1260,Pablo,2022-03-14,€ 3M,127,Flamengo
36983,V. Drkušić,2022-01-26,€ 120K,2012,PFC Sochi
483,K. Kvaratskhelia,2022-07-01,€ 10M,492,Napoli
47356,Rodrigo Ely,2022-03-07,Free,723,Almeria
3375,S. Allagbé,2022-01-10,N/A,89,Dijon
19202,L. Buchanan,2022-07-04,Free,162,Werder Bremen
20963,Joseph Mendes,2022-07-01,Free,1301,Rodez
31477,D. Bettella,2022-07-01,N/A,499,Atalanta
169295,K. Hein,2022-07-01,N/A,42,Arsenal
36921,K. Paal,2022-06-19,Free,72,QPR
2383,D. Limnios,2022-07-01,N/A,192,FC Koln
105802,S. Dewaele,2022-07-01,Free,624,Oostende
53530,Ivelin Ivanov Popov,2022-05-24,Free,646,Levski Sofia
19272,C. O&apos;Dowda,2022-07-01,Free,43,Cardiff
2804,T. Klose,2022-01-27,N/A,56,Bristol City
47502,José Aurelio Suárez García,2022-01-29,Free,299,Tokushima Vortis
122231,Juan Hernández,2022-01-28,Free,4907,Ponferradina
19314,C. Carter-Vickers,2022-06-10,N/A,247,Celtic
22237,Rui Fonte,2022-07-01,Free,242,Famalicao
50242,A. Akman,2022-07-01,N/A,169,Eintracht Frankfurt
38734,S. Botman,2022-06-28,N/A,34,Newcastle
2711,M. Bourabia,2022-07-01,N/A,488,Sassuolo
21146,A. Fulgini,2022-07-12,N/A,164,FSV Mainz 05
46818,Luis Hernández,2022-01-31,Free,724,Cadiz
6048,B. Cufré,2022-07-01,N/A,798,Mallorca
15281,N. Ioannou,2022-07-01,N/A,65,Nottingham Forest
31418,M. Lovato,2022-07-06,€ 7M,514,Salernitana
107303,Danylo Sikan,2022-07-01,N/A,550,Shakhtar Donetsk
2716,R. Saïss,2022-07-01,Free,549,Besiktas
47010,Timor,2022-01-21,Free,726,Huesca
153308,Diego Altube,2022-07-18,Free,722,Albacete
1578,G. Lo Celso,2022-07-01,N/A,47,Tottenham
834,K. Bistrović,2022-07-01,N/A,555,CSKA Moscow
1124,O. Burke,2022-07-01,Free,162,Werder Bremen
1582,Rober,2022-07-01,N/A,543,Real Betis
37186,C. Dessers,2022-07-01,N/A,742,Genk
31126,Enrico Alfonso,2022-01-29,N/A,493,Spal
55880,Dirk Carlson,2022-06-29,Free,198,ADO Den Haag
31405,F. Melchiorri,2022-07-01,N/A,524,Perugia
20852,K. Boto,2022-07-01,N/A,108,Auxerre
2061,Bryan Gil,2022-07-01,N/A,47,Tottenham
6185,I. Rossi,2022-07-01,N/A,1135,Junior
31023,Juraj Kucka,2022-07-01,Free,656,Slovan Bratislava
104821,Jon Guridi,2022-07-11,N/A,542,Alaves
82003,T. Bakinson,2022-07-01,N/A,56,Bristol City
31493,F. Melegoni,2022-07-01,N/A,499,Atalanta
30784,N. Rovella,2022-07-01,N/A,496,Juventus
37788,P. Joosten,2022-07-01,N/A,202,Groningen
31257,F. Giraudo,2022-01-14,N/A,1692,Reggina
2575,J. Porozo,2022-06-17,N/A,110,Estac Troyes
8457,David Simão,2022-01-10,N/A,240,Arouca
271447,D. Cosgun,2022-07-01,Free,1028,Ried
1255,T. Cissokho,2022-07-01,N/A,431,Quevilly
48489,M. Muheim,2022-07-01,N/A,175,Hamburger SV
56161,M. Sala,2022-07-01,N/A,488,Sassuolo
31105,M. Ierardi,2022-07-01,N/A,1584,Vicenza Virtus
11000,Janio Bikel,2022-07-01,N/A,1603,Vancouver Whitecaps
1941,M. Ingvartsen,2022-07-01,€ 2.3M,164,FSV Mainz 05
30630,D. Vokić,2022-07-01,N/A,506,Benevento
64024,G. Di Serio,2022-07-01,N/A,506,Benevento
1623,A. Plizzari,2022-07-01,N/A,489,AC Milan
47033,Roberto Olabe,2022-07-01,N/A,545,Eibar
21148,Thomas Mangani,2022-07-01,Free,98,Ajaccio
3407,S. Bahoken,2022-07-15,Free,1004,Kasimpasa
46673,Aarón Escandell,2022-07-01,N/A,5262,FC Cartagena
181566,Iker Bilbao Mendiguren,2022-07-01,Free,950,PAS Giannina
1651,K. Piątek,2022-07-01,N/A,159,Hertha Berlin
43490,D. Prutsev,2022-01-21,€ 1.5M,558,Spartak Moscow
1782,A. Guliev,2022-07-08,Free,1994,Khimki
26304,C. Akolo,2022-07-01,Free,1011,FC ST. Gallen
24245,G. Kalulu,2022-07-01,N/A,97,Lorient
1478,Abdu Conté,2022-01-12,€ 2.7M,110,Estac Troyes
31370,J. Segre,2022-07-01,N/A,503,Torino
31080,A. Beghetto,2022-07-01,N/A,801,Pisa
47485,Rubén Alcaraz,2022-07-01,N/A,724,Cadiz
44817,Niall McGinn,2022-01-24,Free,253,Dundee
46930,E. Demirović,2022-07-08,N/A,170,FC Augsburg
2777,I. Success,2022-07-01,N/A,38,Watford
19989,S. McCallum,2022-07-01,N/A,71,Norwich
137302,C. Archer,2022-07-01,N/A,66,Aston Villa
25614,E. Löwen,2022-07-01,N/A,159,Hertha Berlin
31056,S. Ricci,2022-07-01,N/A,511,Empoli
31483,A. Gravillon,2022-06-10,€ 3.5M,93,Reims
25294,K. Stafylidis,2022-07-06,€ 250K,176,VfL BOCHUM
30553,C. Lykogiannis,2022-07-01,Free,500,Bologna
46764,Brian Oliván,2022-07-01,Free,540,Espanyol
32,Diego Roberto Godín Leal,2022-06-22,N/A,438,Velez Sarsfield
35503,J. Macías,2022-01-31,N/A,2278,Guadalajara Chivas
7582,L. Fadinger,2022-07-01,N/A,1072,TSV Hartberg
38,Alberto Rodríguez,2022-07-01,N/A,542,Alaves
47285,Unai López,2022-07-01,N/A,728,Rayo Vallecano
1302,J. Wind,2022-01-31,€ 12M,161,VfL Wolfsburg
41412,N. Maraš,2022-07-01,N/A,723,Almeria
37,N. Pérez,2022-07-01,N/A,530,Atletico Madrid
56318,F. Caligara,2022-07-01,N/A,507,Ascoli
19399,Fernando Martín Forestieri,2022-01-14,N/A,2523,Johor Darul Takzim FC
147831,A. Kalimuendo-Muinga,2022-07-01,N/A,85,Paris Saint Germain
262815,M. Raab,2022-07-01,Free,175,Hamburger SV
17476,T. Walker,2022-06-01,N/A,1346,Coventry
19998,Jordan Shipley,2022-06-10,N/A,1352,Shrewsbury
7548,S. Gölles,2022-07-01,N/A,1402,SV Lafnitz
19359,R. Sawyers,2022-07-06,Free,43,Cardiff
931,Ferran Torres,2022-01-11,€ 55M,529,Barcelona
19779,A. Davies,2022-01-25,N/A,62,Sheffield Utd
135749,Félix Correia,2022-07-01,N/A,496,Juventus
962,J. Nsame,2022-07-01,N/A,565,BSC Young Boys
980,S. Schreck,2022-07-01,N/A,202,Groningen
30824,E. Capradossi,2022-07-01,N/A,515,Spezia
61245,R. Boženík,2022-07-13,Loan,222,Boavista
24924,J. Hoogma,2022-01-24,N/A,206,Heracles
25819,F. Pick,2022-07-01,N/A,180,FC Heidenheim
36789,D. Crowley,2022-02-02,Free,195,Willem II
1467,A. Lacazette,2022-06-11,Free,80,Lyon
53653,Vladimir Rykov,2022-02-01,Free,6822,Rodina Moskva
20929,D. Poha,2022-07-01,N/A,224,Guimaraes
19842,L. Taylor,2022-07-01,N/A,65,Nottingham Forest
17431,Chukwuemeka Ademola Amachi Aneke,2022-01-14,N/A,1335,Charlton
19505,T. Ince,2022-07-01,Free,53,Reading
191240,M. Senaya,2022-07-01,N/A,95,Strasbourg
37000,M. Dembélé,2022-07-01,N/A,110,Estac Troyes
2452,T. Rincón,2022-07-05,Free,498,Sampdoria
2107,Z. Vanheusden,2022-07-01,N/A,505,Inter
182514,Juan Antonio,2022-07-01,N/A,9595,Villarreal II
20143,R. Charles-Cook,2022-07-01,Free,739,AS Eupen
18939,K. Ramsay,2022-07-01,N/A,41,Southampton
37960,S. Sylla,2022-01-07,Free,420,Cambuur
22001,Thomas Fontaine,2022-07-01,N/A,17103,UNFP
30795,Samir,2022-01-07,N/A,38,Watford
37268,Adrián Dalmau,2022-01-01,N/A,426,Sparta Rotterdam
19494,M. Bauer,2022-01-25,Free,2184,Servette FC
43458,Dmitri Kabutov,2022-07-01,Free,1083,Rubin
53548,Oleg Ivanov,2022-07-01,Free,1083,Rubin
2300,Anton Chichkan,2022-01-17,Free,1078,FC UFA
20876,Baptiste Bruno Patrick Aloé,2022-07-01,N/A,17103,UNFP
21694,N. Aguerd,2022-06-20,€ 35M,48,West Ham
8960,M. Besuschkow,2022-07-01,N/A,166,Hannover 96
178146,C. Boukhalfa,2022-07-01,N/A,186,FC St. Pauli
7196,T. Turner,2022-07-01,Free,1027,SKN ST. Polten
18810,Andre Anthony Gray,2022-07-03,Free,1123,Aris Thessalonikis
2187,Fran Sol,2022-07-06,Loan,535,Malaga
18833,Lucas Pérez,2022-01-31,€ 200K,724,Cadiz
19250,B. Brahimi,2022-01-28,€ 7M,84,Nice
24789,R. Czichos,2022-01-02,€ 455K,1607,Chicago Fire
108474,L. Kilian,2022-07-01,€ 2M,192,FC Koln
2971,Fidel Escobar Mendieta,2022-07-01,N/A,711,Alcorcon
47318,Jon Bautista,2022-07-01,N/A,548,Real Sociedad
7343,D. Schnegg,2022-06-09,Loan,637,Sturm Graz
41730,Romário Baró,2022-07-01,N/A,212,FC Porto
111386,A. Sanyang,2022-01-31,Free,101,Grenoble
61366,Désiré Segbé-Azankpo,2022-07-01,N/A,1304,Dunkerque
158053,A. Azhil,2022-07-01,N/A,168,Bayer Leverkusen
31135,A. Matějů,2022-02-10,N/A,517,Venezia
44904,D. Wright,2022-07-01,Free,258,ST Johnstone
24825,P. Klement,2022-07-01,N/A,172,VfB Stuttgart
17697,R. Wintle,2022-01-03,N/A,43,Cardiff
129913,M. Watters,2022-01-21,N/A,43,Cardiff
43283,Gabriel Cristian Iancu,2022-07-01,N/A,1085,Akhmat Grozny
47440,Brais Méndez,2022-07-06,€ 15M,548,Real Sociedad
174881,M. Mbow,2022-07-01,N/A,93,Reims
20159,T. Eaves,2022-07-01,Free,73,Rotherham
128274,A. Valério,2022-07-01,Free,1301,Rodez
14405,M. Uzuni,2022-01-31,N/A,715,Granada CF
959,R. Assalé,2022-07-01,N/A,89,Dijon
648,A. Racioppi,2022-01-10,N/A,565,BSC Young Boys
130423,B. Gilmour,2022-07-01,N/A,49,Chelsea
262845,Eduardo Filipe Quaresma Vieira Coimbra Simões,2022-07-01,N/A,228,Sporting CP
25458,D. Lukébakio,2022-07-01,N/A,159,Hertha Berlin
101812,J. Boselli,2022-07-15,N/A,762,GIL Vicente
84128,Y. Gboho,2022-07-01,N/A,94,Rennes
19143,S. Johnstone,2022-07-01,Free,52,Crystal Palace
137301,A. Cochrane,2022-07-01,N/A,254,Heart OF Midlothian
46940,E. Burgos,2022-07-15,Free,535,Malaga
7389,T. Schriebl,2022-07-01,Free,4256,Grazer AK
50907,Osvaldo Nicolás Fabián Gaitán,2022-01-31,Free,234,Pacos Ferreira
30815,K. Lasagna,2022-07-01,€ 6.5M,504,Verona
25117,Dario Đumić,2022-01-04,N/A,189,SV Sandhausen
322984,S. Baidoo,2022-06-23,Free,571,Red Bull Salzburg
932,D. Wass,2022-01-27,€ 2.7M,530,Atletico Madrid
10097,Éderson,2022-07-06,€ 21M,499,Atalanta
20807,A. Léautey,2022-07-01,Free,87,Amiens
9369,Welinton Júnior,2022-01-01,N/A,216,Portimonense
33794,K. Fujimoto,2022-07-01,€ 600K,762,GIL Vicente
25066,M. Leitsch,2022-07-01,€ 3.5M,164,FSV Mainz 05
63968,Ó. Estupiñán,2022-07-13,Free,64,Hull City
47061,Jorge Pombo,2022-07-01,N/A,724,Cadiz
37241,C. Benschop,2022-01-31,N/A,205,Fortuna Sittard
162058,Víctor Chust,2022-07-06,N/A,724,Cadiz
20363,T. Sibbick,2022-01-27,N/A,254,Heart OF Midlothian
57012,F. Maistro,2022-07-01,N/A,487,Lazio
47466,Arturo Molina,2022-01-23,N/A,4665,Racing Santander
46982,Gonzalo Villar,2022-07-01,N/A,497,AS Roma
20521,T. Delaine,2022-06-10,Free,95,Strasbourg
59,Álvaro Morata,2022-07-01,N/A,530,Atletico Madrid
67973,I. Ugbo,2022-07-01,N/A,742,Genk
46711,Febas,2022-07-04,Free,535,Malaga
85558,L. Mafouta,2022-07-01,N/A,431,Quevilly
136823,Davo,2022-07-01,N/A,341,Wisla Plock
47351,Álex Domínguez,2022-07-01,N/A,534,Las Palmas
46827,Adrián  González Morales,2022-01-21,Free,4906,Fuenlabrada
162266,L. Da Cunha,2022-07-01,N/A,84,Nice
37179,N. Gavory,2022-01-12,€ 500K,158,Fortuna Dusseldorf
19618,A. Rinomhota,2022-07-01,Free,43,Cardiff
25160,H. Sarpei,2022-01-01,€ 50K,184,FC Ingolstadt 04
25213,Jonatan Kotzke,2022-07-08,Free,340,Gornik Zabrze
45132,Shaun Antony Rooney,2022-07-01,Free,1336,Fleetwood Town
18181,T. Sang,2022-07-01,N/A,43,Cardiff
1760,G. Middleton,2022-06-01,N/A,257,Rangers
19595,Mathieu James Smith,2022-01-19,Free,1844,Salford City
24949,H. Veerman,2022-01-26,N/A,207,Utrecht
21106,Antonio Mance,2022-01-27,N/A,616,NK Osijek
31237,G. Crociata,2022-07-01,N/A,511,Empoli
19396,L. Shaw,2022-06-01,N/A,247,Celtic
18728,Justin Ikechukwu Obiora Amaluzor,2022-07-01,Free,1818,Aldershot Town
30771,D. Criscito,2022-07-07,Free,1601,Toronto FC
41324,Ricardo Mangas,2022-07-01,N/A,222,Boavista
651,Marcelo Antônio Guedes Filho,2022-01-28,Free,78,Bordeaux
7578,G. Mensah,2022-07-01,N/A,571,Red Bull Salzburg
2165,V. Mykolenko,2022-01-01,€ 23.5M,45,Everton
19409,J. de Wijs,2022-06-21,€ 900K,158,Fortuna Dusseldorf
19348,Moses Odubajo,2022-07-08,Free,1123,Aris Thessalonikis
19016,C. Chambers,2022-01-27,N/A,66,Aston Villa
19293,Tobias Figueiredo,2022-07-01,Free,64,Hull City
1103,H. Wolf,2022-07-01,N/A,163,Borussia Monchengladbach
30520,C. Adjapong,2022-07-01,N/A,488,Sassuolo
20871,Billy Ketkeophomphone,2022-01-22,Free,2525,Pahang
116117,M. Caicedo,2022-01-13,N/A,51,Brighton
21251,A. Abdallah,2022-07-11,N/A,1301,Rodez
1647,E. Torrasi,2022-01-31,N/A,862,Pordenone
47340,Pablo Daniel Piatti,2022-06-21,N/A,450,Estudiantes L.P.
44910,Trevor Carson,2022-06-10,N/A,251,ST Mirren
283117,D. Watson,2022-07-01,N/A,1386,Dundee Utd
612,E. Ponce,2022-07-01,€ 4M,797,Elche
19029,K. McDonald,2022-02-01,N/A,1386,Dundee Utd
44952,C. Sibbald,2022-07-11,Free,1386,Dundee Utd
19322,M. van der Hoorn,2022-07-01,N/A,207,Utrecht
35575,Édgar Antonio Méndez Ortega,2022-06-14,Free,2288,Necaxa
47409,D. Siovas,2022-01-31,Free,205,Fortuna Sittard
2203,M. Zeffane,2022-07-01,Free,99,Clermont Foot
22095,R. Hamouma,2022-07-01,N/A,98,Ajaccio
53585,Đorđe Despotović,2022-02-02,Free,1077,Arsenal Tula
8634,R. Bushiri,2022-06-10,N/A,249,Hibernian
18974,J. Molumby,2022-05-04,€ 1M,60,West Brom
1439,Héctor Bellerín,2022-07-01,N/A,42,Arsenal
24032,U. Bonnet,2022-01-29,N/A,105,Valenciennes
26249,J. Haberer,2022-07-01,Free,182,Union Berlin
792,J. Kluivert,2022-07-01,N/A,497,AS Roma
31642,L. Ranieri,2022-07-01,N/A,502,Fiorentina
73868,R. Pepi,2022-01-03,€ 16.4M,170,FC Augsburg
21047,A. Kanté,2022-07-14,Free,726,Huesca
264511,K. Bauernfeind,2022-07-01,N/A,1398,WSG Wattens
44965,Alexandros Gogić,2022-01-31,Loan,251,ST Mirren
41625,R. Dadaşov,2022-07-09,N/A,1013,Grasshoppers
1136,Leigh Griffiths,2022-02-08,Free,1389,Falkirk
13645,O. Barreto,2022-01-10,N/A,227,Santa Clara
41149,Luís Rafael Soares Alves,2022-07-01,Free,619,PAOK
47322,Martín Merquelanz,2022-07-01,N/A,548,Real Sociedad
192,Dalbert Henrique,2022-07-01,N/A,505,Inter
2598,R. Dōan,2022-07-05,€ 8.5M,160,SC Freiburg
25142,Marius Funk,2022-07-01,Free,184,FC Ingolstadt 04
26335,A. Ouahim,2022-01-31,Free,206,Heracles
19502,J. Allen,2022-07-08,Free,76,Swansea
126900,Nené,2022-07-01,Free,336,Jagiellonia
43056,V. Mihăilă,2022-07-01,N/A,523,Parma
8737,F. Forte,2022-07-01,N/A,517,Venezia
8492,A. Sørloth,2022-07-01,N/A,173,RB Leipzig
162011,A. Cortinovis,2022-07-01,N/A,499,Atalanta
20770,N. Sissoko,2022-01-30,N/A,431,Quevilly
20534,C. Sabaly,2022-07-01,N/A,112,Metz
53534,A. Zuev,2022-07-14,Free,1994,Khimki
30750,Përparim Hetemaj,2022-04-20,N/A,649,HJK helsinki
47307,Zaldúa,2022-07-11,Free,724,Cadiz
2474,Iván José Marcone,2022-05-16,€ 1.9M,453,Independiente
30997,N. Zanellato,2022-01-29,N/A,493,Spal
127426,Pol Lozano,2022-07-01,N/A,540,Espanyol
41356,Lucas Possignolo,2022-04-15,N/A,848,Hangzhou Greentown
18941,M. Targett,2022-07-01,€ 17.5M,34,Newcastle
129055,Cristo,2022-07-01,N/A,535,Malaga
6629,A. Gaich,2022-07-01,N/A,555,CSKA Moscow
1649,P. Cutrone,2022-07-01,N/A,39,Wolves
17942,H. Coulson,2022-07-01,N/A,70,Middlesbrough
30812,I. Pussetto,2022-07-01,N/A,38,Watford
23126,M. Gueye,2022-07-01,Free,112,Metz
854,José Martín Cáceres Silva,2022-01-30,N/A,539,Levante
2775,Mikel Ndubusi Agu,2022-01-15,Free,4906,Fuenlabrada
25223,F. Kaya,2022-07-01,Free,735,St. Truiden
31613,R. Boultam,2022-07-01,N/A,514,Salernitana
4412,Z. Naidji,2022-07-01,N/A,910,USM Alger
92973,M. Pabai,2022-01-20,N/A,493,Spal
47225,Brugui,2022-07-01,N/A,539,Levante
25128,Erich  Berko,2022-07-01,Free,4505,Maccabi Netanya
25537,A. Diawusie,2022-07-12,Free,1028,Ried
1276,S. Kalu,2022-01-26,N/A,38,Watford
138777,F. Anjorin,2022-07-01,N/A,49,Chelsea
161935,Tiago Araújo,2022-07-01,N/A,230,Estoril
8611,M. Heylen,2022-07-06,N/A,208,Emmen
26743,Omri Altman,2022-01-27,N/A,614,AEK Larnaca
20577,Yohan Tavares,2022-07-01,N/A,433,Laval
37839,R. Oratmangoen,2022-07-01,Free,202,Groningen
20667,C. Boli,2022-07-01,N/A,116,Lens
632,C. Gomes,2022-07-01,N/A,50,Manchester City
47388,G. Escalante,2022-07-01,N/A,487,Lazio
6233,N. Tenaglia,2022-01-12,Loan,542,Alaves
30474,F. Mattiello,2022-07-01,N/A,499,Atalanta
1706,Carlos Arturo Bacca Ahumada,2022-07-01,N/A,1135,Junior
45004,P. McGinn,2022-06-22,Free,256,Motherwell
30981,R. Marchizza,2022-07-01,N/A,488,Sassuolo
19444,Tom Barkhuizen,2022-07-02,Free,69,Derby
7649,D. Nemeth,2022-07-01,€ 1.3M,186,FC St. Pauli
19072,T. Cantwell,2022-07-01,N/A,71,Norwich
182167,Adrián Butzke,2022-07-01,N/A,715,Granada CF
19002,J. Murphy,2022-07-01,N/A,43,Cardiff
